지점,지점명,일시,기온(°C),누적강수량(mm),풍향(deg),풍속(m/s),현지기압(hPa),습도(%)
133,대전,2020-01-18 0:01,-1.9,0,287.9,0.1,1014.4,62.2
133,대전,2020-01-18 0:02,-1.9,0,294.7,0.1,1014.4,62.4
133,대전,2020-01-18 0:03,-1.9,0,0,0,1014.4,62.6
133,대전,2020-01-18 0:04,-1.9,0,0,0,1014.4,62.7
133,대전,2020-01-18 0:05,-1.9,0,0,0,1014.5,62.7
133,대전,2020-01-18 0:06,-1.9,0,0,0.1,1014.5,62.3
133,대전,2020-01-18 0:07,-2,0,0,0,1014.5,62.1
133,대전,2020-01-18 0:08,-2,0,0,0,1014.5,61.6
133,대전,2020-01-18 0:09,-2.1,0,67.1,0.2,1014.5,61.5
133,대전,2020-01-18 0:10,-2.1,0,137,0.5,1014.4,61.3
133,대전,2020-01-18 0:11,-2.1,0,126.2,0.6,1014.4,61.2
133,대전,2020-01-18 0:12,-2.1,0,132.8,0.7,1014.4,61.1
133,대전,2020-01-18 0:13,-2.2,0,130,0.7,1014.4,60.9
133,대전,2020-01-18 0:14,-2.2,0,107,0.6,1014.4,60.9
133,대전,2020-01-18 0:15,-2.2,0,0,0.1,1014.4,61.1
133,대전,2020-01-18 0:16,-2.2,0,0,0,1014.4,61.1
133,대전,2020-01-18 0:17,-2.2,0,57.1,0.1,1014.4,61.5
133,대전,2020-01-18 0:18,-2.2,0,50.7,0.2,1014.4,62
133,대전,2020-01-18 0:19,-2.2,0,59.7,0.3,1014.4,62.3
133,대전,2020-01-18 0:20,-2.2,0,81.1,0.1,1014.4,62.4
133,대전,2020-01-18 0:21,-2.2,0,0,0,1014.3,62.4
133,대전,2020-01-18 0:22,-2.2,0,257,0.1,1014.3,62.5
133,대전,2020-01-18 0:23,-2.2,0,210.1,0.3,1014.3,62.6
133,대전,2020-01-18 0:24,-2.2,0,227.2,0.6,1014.3,62.9
133,대전,2020-01-18 0:25,-2.2,0,167.7,1.3,1014.3,63.2
133,대전,2020-01-18 0:26,-2.2,0,197.4,1.4,1014.3,63.3
133,대전,2020-01-18 0:27,-2.2,0,172.9,1.6,1014.3,63.6
133,대전,2020-01-18 0:28,-2.1,0,189.6,1.7,1014.3,64.1
133,대전,2020-01-18 0:29,-2.1,0,186.5,1.7,1014.3,64.2
133,대전,2020-01-18 0:30,-2.2,0,188.8,1.6,1014.3,64.2
133,대전,2020-01-18 0:31,-2.2,0,188,1.6,1014.3,64.4
133,대전,2020-01-18 0:32,-2.2,0,190.2,1.2,1014.3,64.5
133,대전,2020-01-18 0:33,-2.2,0,194.2,1.2,1014.3,64.6
133,대전,2020-01-18 0:34,-2.2,0,186.4,1.1,1014.3,64.7
133,대전,2020-01-18 0:35,-2.2,0,184.8,1.2,1014.3,64.9
133,대전,2020-01-18 0:36,-2.2,0,188.4,1.1,1014.3,65
133,대전,2020-01-18 0:37,-2.2,0,206.6,0.8,1014.3,65.1
133,대전,2020-01-18 0:38,-2.2,0,217.8,1,1014.3,65.2
133,대전,2020-01-18 0:39,-2.2,0,225.6,1.3,1014.3,65.2
133,대전,2020-01-18 0:40,-2.2,0,236.9,1.3,1014.3,65.4
133,대전,2020-01-18 0:41,-2.2,0,240.3,1.4,1014.2,65.5
133,대전,2020-01-18 0:42,-2.2,0,238.4,1.4,1014.2,65.7
133,대전,2020-01-18 0:43,-2.2,0,236.4,1.3,1014.2,65.8
133,대전,2020-01-18 0:44,-2.2,0,236.5,1.3,1014.2,66
133,대전,2020-01-18 0:45,-2.3,0,241.5,1.1,1014.2,66.1
133,대전,2020-01-18 0:46,-2.3,0,244.8,1.4,1014.2,66.2
133,대전,2020-01-18 0:47,-2.3,0,237.9,1.3,1014.2,66.4
133,대전,2020-01-18 0:48,-2.3,0,241.6,1.5,1014.2,66.5
133,대전,2020-01-18 0:49,-2.3,0,240.4,1.4,1014.2,66.6
133,대전,2020-01-18 0:50,-2.4,0,242.4,1.4,1014.2,66.7
133,대전,2020-01-18 0:51,-2.4,0,239.6,1.3,1014.2,66.8
133,대전,2020-01-18 0:52,-2.4,0,238.9,1.3,1014.2,67
133,대전,2020-01-18 0:53,-2.4,0,236.1,1.3,1014.2,67.1
133,대전,2020-01-18 0:54,-2.4,0,233.6,1.2,1014.2,67.1
133,대전,2020-01-18 0:55,-2.5,0,236.7,1.2,1014.2,67.1
133,대전,2020-01-18 0:56,-2.5,0,231.5,1.2,1014.2,67.2
133,대전,2020-01-18 0:57,-2.5,0,231.3,1.2,1014.2,67.2
133,대전,2020-01-18 0:58,-2.5,0,229.2,1.4,1014.3,67.2
133,대전,2020-01-18 0:59,-2.5,0,230.6,1.3,1014.3,67.3
133,대전,2020-01-18 1:00,-2.5,0,230.9,1.1,1014.3,67.2
133,대전,2020-01-18 1:01,-2.6,0,232.1,1.3,1014.2,67.2
133,대전,2020-01-18 1:02,-2.6,0,228.3,1.3,1014.2,67.1
133,대전,2020-01-18 1:03,-2.6,0,231.5,1.3,1014.2,67.1
133,대전,2020-01-18 1:04,-2.6,0,232,1.2,1014.2,67
133,대전,2020-01-18 1:05,-2.6,0,232.3,1.1,1014.2,66.9
133,대전,2020-01-18 1:06,-2.6,0,229.9,1.1,1014.2,67
133,대전,2020-01-18 1:07,-2.6,0,233.1,1,1014.3,67
133,대전,2020-01-18 1:08,-2.6,0,231.7,0.7,1014.3,67.1
133,대전,2020-01-18 1:09,-2.6,0,229.1,1,1014.3,67.1
133,대전,2020-01-18 1:10,-2.6,0,227.1,1,1014.3,67.1
133,대전,2020-01-18 1:11,-2.6,0,246.9,0.9,1014.3,67.1
133,대전,2020-01-18 1:12,-2.6,0,270,0.6,1014.3,67.2
133,대전,2020-01-18 1:13,-2.6,0,282.5,0.4,1014.2,67
133,대전,2020-01-18 1:14,-2.6,0,285.1,0.3,1014.2,66.7
133,대전,2020-01-18 1:15,-2.6,0,279.3,0.5,1014.2,66.4
133,대전,2020-01-18 1:16,-2.7,0,271.2,0.4,1014.3,66
133,대전,2020-01-18 1:17,-2.7,0,273.4,0.5,1014.3,66.2
133,대전,2020-01-18 1:18,-2.7,0,283.5,0.4,1014.3,66.2
133,대전,2020-01-18 1:19,-2.7,0,298.3,0.3,1014.3,66.3
133,대전,2020-01-18 1:20,-2.7,0,283.5,0.2,1014.3,66.5
133,대전,2020-01-18 1:21,-2.7,0,277.4,0.4,1014.3,66.5
133,대전,2020-01-18 1:22,-2.7,0,274.3,0.4,1014.2,66.8
133,대전,2020-01-18 1:23,-2.7,0,270.2,0.4,1014.2,67.2
133,대전,2020-01-18 1:24,-2.7,0,270.8,0.4,1014.2,67.2
133,대전,2020-01-18 1:25,-2.7,0,271.6,0.3,1014.2,67.4
133,대전,2020-01-18 1:26,-2.7,0,276.9,0.4,1014.2,67.7
133,대전,2020-01-18 1:27,-2.7,0,277.3,0.3,1014.2,67.7
133,대전,2020-01-18 1:28,-2.6,0,274.6,0.4,1014.2,67.7
133,대전,2020-01-18 1:29,-2.6,0,286.5,0.3,1014.2,67.7
133,대전,2020-01-18 1:30,-2.6,0,0,0.1,1014.2,67.6
133,대전,2020-01-18 1:31,-2.6,0,0,0,1014.2,67.5
133,대전,2020-01-18 1:32,-2.6,0,0,0,1014.1,67.5
133,대전,2020-01-18 1:33,-2.6,0,0,0,1014.1,67.4
133,대전,2020-01-18 1:34,-2.6,0,0,0,1014.1,67.3
133,대전,2020-01-18 1:35,-2.6,0,318,0.2,1014.1,67.2
133,대전,2020-01-18 1:36,-2.6,0,331,0.3,1014.1,67.2
133,대전,2020-01-18 1:37,-2.6,0,349.4,0.2,1014.1,67.2
133,대전,2020-01-18 1:38,-2.6,0,341.3,0.2,1014.1,67.4
133,대전,2020-01-18 1:39,-2.6,0,299.4,0.3,1014.1,67.5
133,대전,2020-01-18 1:40,-2.6,0,306.4,0.3,1014.2,67.4
133,대전,2020-01-18 1:41,-2.6,0,265.9,0.6,1014.1,67.3
133,대전,2020-01-18 1:42,-2.6,0,252.3,0.8,1014.1,67.3
133,대전,2020-01-18 1:43,-2.6,0,235.1,1,1014.1,67.3
133,대전,2020-01-18 1:44,-2.6,0,233.9,1.1,1014.1,67.4
133,대전,2020-01-18 1:45,-2.6,0,221.5,0.9,1014.1,67.5
133,대전,2020-01-18 1:46,-2.6,0,220.4,0.9,1014.1,67.6
133,대전,2020-01-18 1:47,-2.6,0,234.3,0.7,1014.1,67.5
133,대전,2020-01-18 1:48,-2.6,0,219.1,1.1,1014.1,67.4
133,대전,2020-01-18 1:49,-2.6,0,224.1,1.2,1014.1,67.3
133,대전,2020-01-18 1:50,-2.6,0,223.7,0.9,1014.1,67.5
133,대전,2020-01-18 1:51,-2.6,0,219.2,0.7,1014.1,67.6
133,대전,2020-01-18 1:52,-2.6,0,210.1,1,1014.1,67.8
133,대전,2020-01-18 1:53,-2.6,0,215.5,1.2,1014.1,67.8
133,대전,2020-01-18 1:54,-2.6,0,219.4,1.3,1014.1,67.8
133,대전,2020-01-18 1:55,-2.7,0,224.3,1.2,1014.1,67.9
133,대전,2020-01-18 1:56,-2.7,0,217.6,1.3,1014.2,68
133,대전,2020-01-18 1:57,-2.7,0,220,1.3,1014.2,68
133,대전,2020-01-18 1:58,-2.7,0,216.5,1,1014.2,68.2
133,대전,2020-01-18 1:59,-2.7,0,223.4,1.1,1014.2,67.9
133,대전,2020-01-18 2:00,-2.7,0,225.2,1.2,1014.2,67.9
133,대전,2020-01-18 2:01,-2.7,0,216.5,1.3,1014.2,68
133,대전,2020-01-18 2:02,-2.7,0,214.9,1.3,1014.2,68.1
133,대전,2020-01-18 2:03,-2.7,0,209.5,1.2,1014.2,68.1
133,대전,2020-01-18 2:04,-2.8,0,204,1.2,1014.2,68.2
133,대전,2020-01-18 2:05,-2.8,0,204.2,1.3,1014.2,68.3
133,대전,2020-01-18 2:06,-2.8,0,207,1,1014.2,68.3
133,대전,2020-01-18 2:07,-2.8,0,204.5,0.9,1014.2,68.2
133,대전,2020-01-18 2:08,-2.9,0,202.1,0.7,1014.3,68.1
133,대전,2020-01-18 2:09,-2.9,0,207.9,0.5,1014.2,68.1
133,대전,2020-01-18 2:10,-2.9,0,91.6,0.3,1014.2,68.1
133,대전,2020-01-18 2:11,-2.9,0,241.7,0.2,1014.2,68.1
133,대전,2020-01-18 2:12,-2.9,0,277.1,0.3,1014.2,68.1
133,대전,2020-01-18 2:13,-2.9,0,267.6,0.6,1014.2,68.3
133,대전,2020-01-18 2:14,-2.9,0,257.8,0.7,1014.2,68.2
133,대전,2020-01-18 2:15,-2.9,0,240.2,0.7,1014.2,68.1
133,대전,2020-01-18 2:16,-2.9,0,252.1,0.8,1014.2,68
133,대전,2020-01-18 2:17,-3,0,218.6,0.6,1014.2,67.5
133,대전,2020-01-18 2:18,-3,0,213.1,0.2,1014.2,67.6
133,대전,2020-01-18 2:19,-3,0,226.1,1.1,1014.2,68.1
133,대전,2020-01-18 2:20,-3,0,250.8,0.9,1014.2,68.4
133,대전,2020-01-18 2:21,-3,0,270,0.8,1014.2,68.6
133,대전,2020-01-18 2:22,-3,0,279,0.9,1014.2,68.8
133,대전,2020-01-18 2:23,-3,0,275.6,0.7,1014.1,69.1
133,대전,2020-01-18 2:24,-3,0,273.6,0.5,1014.1,69.2
133,대전,2020-01-18 2:25,-3,0,275.3,0.6,1014.1,69.3
133,대전,2020-01-18 2:26,-3,0,276.1,0.8,1014.1,69.3
133,대전,2020-01-18 2:27,-3,0,274.5,0.7,1014.1,69.4
133,대전,2020-01-18 2:28,-3,0,273.3,0.8,1014,69.5
133,대전,2020-01-18 2:29,-3,0,273.2,0.8,1014,69.6
133,대전,2020-01-18 2:30,-3,0,270.4,0.6,1014,69.8
133,대전,2020-01-18 2:31,-3,0,270,0.8,1014,69.9
133,대전,2020-01-18 2:32,-3,0,270.4,0.9,1014,70.1
133,대전,2020-01-18 2:33,-3,0,268.6,0.9,1014,70.2
133,대전,2020-01-18 2:34,-3,0,261.7,1,1014,70.3
133,대전,2020-01-18 2:35,-3,0,258.5,1.1,1014,70.4
133,대전,2020-01-18 2:36,-3,0,257.8,1.1,1014,70.5
133,대전,2020-01-18 2:37,-3,0,253.8,1,1014,70.6
133,대전,2020-01-18 2:38,-3,0,254.9,1.1,1014,70.8
133,대전,2020-01-18 2:39,-3,0,256.2,1.1,1014,70.9
133,대전,2020-01-18 2:40,-3,0,258.5,1.1,1014,70.9
133,대전,2020-01-18 2:41,-3,0,251.1,1.2,1014,71
133,대전,2020-01-18 2:42,-3,0,235.4,1.2,1014,70.9
133,대전,2020-01-18 2:43,-3,0,232,1.3,1014,71
133,대전,2020-01-18 2:44,-3,0,224.7,1.3,1014,71
133,대전,2020-01-18 2:45,-3,0,225.5,1.2,1014,71.1
133,대전,2020-01-18 2:46,-3,0,236.6,1.3,1014,71.1
133,대전,2020-01-18 2:47,-3.1,0,236.2,1.2,1014,71.2
133,대전,2020-01-18 2:48,-3.1,0,231.7,1.1,1014,71.3
133,대전,2020-01-18 2:49,-3.1,0,236,1.2,1014,71.2
133,대전,2020-01-18 2:50,-3.1,0,245,1,1014,71.2
133,대전,2020-01-18 2:51,-3.1,0,257.3,0.9,1013.9,71.2
133,대전,2020-01-18 2:52,-3.1,0,263,0.7,1013.9,71
133,대전,2020-01-18 2:53,-3.2,0,282.7,0.6,1013.9,71.1
133,대전,2020-01-18 2:54,-3.2,0,274.8,0.7,1013.9,71
133,대전,2020-01-18 2:55,-3.2,0,277,0.6,1013.9,71
133,대전,2020-01-18 2:56,-3.2,0,277.3,0.8,1013.9,71.1
133,대전,2020-01-18 2:57,-3.2,0,276.6,0.7,1013.9,70.9
133,대전,2020-01-18 2:58,-3.2,0,285.3,0.6,1013.9,70.9
133,대전,2020-01-18 2:59,-3.2,0,297.5,0.5,1013.9,70.7
133,대전,2020-01-18 3:00,-3.3,0,300.4,0.3,1013.9,70.6
133,대전,2020-01-18 3:01,-3.3,0,307,0.3,1013.9,70.3
133,대전,2020-01-18 3:02,-3.3,0,321,0.2,1013.9,70
133,대전,2020-01-18 3:03,-3.4,0,0,0,1013.9,69.8
133,대전,2020-01-18 3:04,-3.4,0,78.5,0.2,1014,69.9
133,대전,2020-01-18 3:05,-3.4,0,73.4,0.3,1014,70
133,대전,2020-01-18 3:06,-3.4,0,0,0,1014,70.3
133,대전,2020-01-18 3:07,-3.4,0,0,0.1,1014,70.5
133,대전,2020-01-18 3:08,-3.4,0,0,0,1014,70.6
133,대전,2020-01-18 3:09,-3.4,0,0,0,1014,70.8
133,대전,2020-01-18 3:10,-3.4,0,0,0,1014,70.8
133,대전,2020-01-18 3:11,-3.4,0,0,0,1014,71
133,대전,2020-01-18 3:12,-3.4,0,0,0,1014,71.1
133,대전,2020-01-18 3:13,-3.4,0,344.7,0.2,1014,71.2
133,대전,2020-01-18 3:14,-3.4,0,357.2,0.2,1014,71.4
133,대전,2020-01-18 3:15,-3.4,0,9.3,0.3,1013.9,71.5
133,대전,2020-01-18 3:16,-3.4,0,16.9,0.4,1013.9,71.4
133,대전,2020-01-18 3:17,-3.5,0,24.8,0.5,1013.9,71.3
133,대전,2020-01-18 3:18,-3.5,0,28.1,0.6,1013.9,71
133,대전,2020-01-18 3:19,-3.5,0,32.2,0.4,1013.9,70.8
133,대전,2020-01-18 3:20,-3.5,0,33.8,0.3,1013.9,70.9
133,대전,2020-01-18 3:21,-3.5,0,40.3,0.3,1013.9,71.2
133,대전,2020-01-18 3:22,-3.5,0,39.7,0.2,1013.9,71.3
133,대전,2020-01-18 3:23,-3.5,0,29.5,0.2,1013.9,71.4
133,대전,2020-01-18 3:24,-3.5,0,31,0.2,1013.9,71.6
133,대전,2020-01-18 3:25,-3.5,0,0,0.1,1013.9,71.6
133,대전,2020-01-18 3:26,-3.6,0,37.5,0.3,1013.8,71.4
133,대전,2020-01-18 3:27,-3.6,0,48.3,0.3,1013.8,71.4
133,대전,2020-01-18 3:28,-3.6,0,43.7,0.3,1013.8,71.6
133,대전,2020-01-18 3:29,-3.6,0,50.4,0.3,1013.8,71.7
133,대전,2020-01-18 3:30,-3.5,0,39.3,0.3,1013.8,71.8
133,대전,2020-01-18 3:31,-3.5,0,31.1,0.4,1013.8,72.2
133,대전,2020-01-18 3:32,-3.5,0,43,0.3,1013.8,72.2
133,대전,2020-01-18 3:33,-3.6,0,47.9,0.4,1013.8,71.7
133,대전,2020-01-18 3:34,-3.6,0,66,0.5,1013.8,71.4
133,대전,2020-01-18 3:35,-3.6,0,33,0.4,1013.8,71.1
133,대전,2020-01-18 3:36,-3.7,0,58.7,0.1,1013.8,70.8
133,대전,2020-01-18 3:37,-3.7,0,348.8,0.1,1013.8,70.8
133,대전,2020-01-18 3:38,-3.7,0,24.4,0.2,1013.8,71.2
133,대전,2020-01-18 3:39,-3.7,0,349.4,0.1,1013.8,71.6
133,대전,2020-01-18 3:40,-3.7,0,0,0.1,1013.8,71.9
133,대전,2020-01-18 3:41,-3.6,0,282.4,0.3,1013.7,72
133,대전,2020-01-18 3:42,-3.6,0,287.6,0.2,1013.7,72.1
133,대전,2020-01-18 3:43,-3.6,0,267.2,0.6,1013.7,72
133,대전,2020-01-18 3:44,-3.6,0,260.3,0.7,1013.7,72
133,대전,2020-01-18 3:45,-3.6,0,252.3,0.9,1013.7,72.1
133,대전,2020-01-18 3:46,-3.6,0,252.6,1,1013.7,72.5
133,대전,2020-01-18 3:47,-3.5,0,248.7,1,1013.6,72.5
133,대전,2020-01-18 3:48,-3.5,0,243.4,1.1,1013.6,72.7
133,대전,2020-01-18 3:49,-3.5,0,248.3,1.1,1013.6,72.9
133,대전,2020-01-18 3:50,-3.4,0,246.7,1,1013.6,73.1
133,대전,2020-01-18 3:51,-3.4,0,243,1.1,1013.6,73.4
133,대전,2020-01-18 3:52,-3.4,0,240.9,1.1,1013.6,73.5
133,대전,2020-01-18 3:53,-3.4,0,244.7,1.1,1013.5,73.7
133,대전,2020-01-18 3:54,-3.4,0,246.8,1.1,1013.5,73.7
133,대전,2020-01-18 3:55,-3.4,0,246.6,1.2,1013.5,73.7
133,대전,2020-01-18 3:56,-3.4,0,242.8,1.2,1013.5,73.7
133,대전,2020-01-18 3:57,-3.4,0,237.8,1.3,1013.5,73.8
133,대전,2020-01-18 3:58,-3.4,0,233.8,1.5,1013.5,73.8
133,대전,2020-01-18 3:59,-3.4,0,233.8,1.5,1013.5,73.7
133,대전,2020-01-18 4:00,-3.4,0,228.8,1.6,1013.5,73.7
133,대전,2020-01-18 4:01,-3.4,0,230.3,1.5,1013.5,73.7
133,대전,2020-01-18 4:02,-3.5,0,234.6,1.3,1013.5,73.8
133,대전,2020-01-18 4:03,-3.5,0,235.5,1.3,1013.5,73.8
133,대전,2020-01-18 4:04,-3.5,0,235.3,1.2,1013.5,73.9
133,대전,2020-01-18 4:05,-3.5,0,235.9,1.3,1013.5,74
133,대전,2020-01-18 4:06,-3.5,0,233.1,1.4,1013.5,74
133,대전,2020-01-18 4:07,-3.5,0,225.7,1.5,1013.5,74
133,대전,2020-01-18 4:08,-3.5,0,219.3,1.5,1013.5,74.2
133,대전,2020-01-18 4:09,-3.5,0,219.3,1.5,1013.5,74.2
133,대전,2020-01-18 4:10,-3.5,0,219.4,1.5,1013.5,74.2
133,대전,2020-01-18 4:11,-3.6,0,219.8,1.3,1013.5,74.4
133,대전,2020-01-18 4:12,-3.6,0,216.9,1.1,1013.5,74.5
133,대전,2020-01-18 4:13,-3.6,0,227.2,1.2,1013.4,74.5
133,대전,2020-01-18 4:14,-3.6,0,219.6,1.3,1013.4,74.5
133,대전,2020-01-18 4:15,-3.6,0,216,1.3,1013.4,74.4
133,대전,2020-01-18 4:16,-3.6,0,208.9,1.3,1013.4,74.4
133,대전,2020-01-18 4:17,-3.6,0,208.5,1.1,1013.4,74.4
133,대전,2020-01-18 4:18,-3.6,0,207.2,1.5,1013.4,74.5
133,대전,2020-01-18 4:19,-3.6,0,209.8,1.5,1013.4,74.5
133,대전,2020-01-18 4:20,-3.6,0,205,1.4,1013.4,74.4
133,대전,2020-01-18 4:21,-3.7,0,212.8,1.3,1013.4,74.5
133,대전,2020-01-18 4:22,-3.7,0,216.7,1.5,1013.4,74.5
133,대전,2020-01-18 4:23,-3.6,0,219.9,1.5,1013.4,74.7
133,대전,2020-01-18 4:24,-3.6,0,214.2,1.6,1013.4,74.8
133,대전,2020-01-18 4:25,-3.6,0,208.4,1.6,1013.4,74.8
133,대전,2020-01-18 4:26,-3.6,0,196.3,1.5,1013.4,74.8
133,대전,2020-01-18 4:27,-3.6,0,195.3,1.5,1013.4,74.8
133,대전,2020-01-18 4:28,-3.6,0,196.1,1.5,1013.4,74.8
133,대전,2020-01-18 4:29,-3.7,0,194.9,1.4,1013.4,74.8
133,대전,2020-01-18 4:30,-3.7,0,197.3,1.6,1013.5,74.8
133,대전,2020-01-18 4:31,-3.6,0,199,1.5,1013.5,75
133,대전,2020-01-18 4:32,-3.7,0,187.7,1.6,1013.5,75
133,대전,2020-01-18 4:33,-3.7,0,176.3,1.1,1013.5,75
133,대전,2020-01-18 4:34,-3.7,0,196.5,0.9,1013.5,75
133,대전,2020-01-18 4:35,-3.7,0,205.9,0.9,1013.5,75
133,대전,2020-01-18 4:36,-3.7,0,190.1,1,1013.5,75
133,대전,2020-01-18 4:37,-3.8,0,180.1,0.8,1013.5,74.8
133,대전,2020-01-18 4:38,-3.8,0,198.3,0.4,1013.5,74.5
133,대전,2020-01-18 4:39,-3.8,0,114.8,0.2,1013.5,74.5
133,대전,2020-01-18 4:40,-3.8,0,10.2,0.4,1013.5,74.6
133,대전,2020-01-18 4:41,-3.8,0,111.7,0.5,1013.5,74.6
133,대전,2020-01-18 4:42,-3.9,0,164,0.8,1013.5,74.4
133,대전,2020-01-18 4:43,-3.9,0,154.2,0.8,1013.6,74.5
133,대전,2020-01-18 4:44,-3.9,0,173.6,1,1013.6,74.5
133,대전,2020-01-18 4:45,-3.9,0,157.7,0.7,1013.6,74.4
133,대전,2020-01-18 4:46,-3.9,0,148.9,0.7,1013.6,74.5
133,대전,2020-01-18 4:47,-3.9,0,52.2,0.5,1013.6,74.8
133,대전,2020-01-18 4:48,-3.9,0,139.4,0.5,1013.6,74.7
133,대전,2020-01-18 4:49,-4,0,140.5,0.7,1013.6,74.5
133,대전,2020-01-18 4:50,-4,0,330.8,0.3,1013.6,74.4
133,대전,2020-01-18 4:51,-4,0,292.7,0.1,1013.6,74.6
133,대전,2020-01-18 4:52,-4,0,0,0,1013.5,74.7
133,대전,2020-01-18 4:53,-4,0,0,0.1,1013.5,75
133,대전,2020-01-18 4:54,-4,0,0,0,1013.5,75.3
133,대전,2020-01-18 4:55,-4,0,106.5,0.1,1013.5,75.5
133,대전,2020-01-18 4:56,-4,0,153.2,0.6,1013.5,75.4
133,대전,2020-01-18 4:57,-4,0,264,0.4,1013.5,75.2
133,대전,2020-01-18 4:58,-4,0,158.8,0.5,1013.5,75.3
133,대전,2020-01-18 4:59,-4,0,144.6,0.6,1013.5,75.5
133,대전,2020-01-18 5:00,-4,0,150,0.7,1013.5,75.6
133,대전,2020-01-18 5:01,-4,0,147.1,0.7,1013.5,75.4
133,대전,2020-01-18 5:02,-4.1,0,150.3,0.8,1013.5,75.6
133,대전,2020-01-18 5:03,-4.1,0,153.5,0.8,1013.5,75.7
133,대전,2020-01-18 5:04,-4.1,0,141.5,0.8,1013.5,75.3
133,대전,2020-01-18 5:05,-4.1,0,148.3,0.7,1013.6,75.1
133,대전,2020-01-18 5:06,-4.1,0,155.8,0.8,1013.6,75.4
133,대전,2020-01-18 5:07,-4.1,0,162,0.9,1013.6,75.7
133,대전,2020-01-18 5:08,-4.1,0,155.1,0.9,1013.6,75.7
133,대전,2020-01-18 5:09,-4.1,0,162.3,0.8,1013.6,75.8
133,대전,2020-01-18 5:10,-4,0,171.3,0.4,1013.6,76
133,대전,2020-01-18 5:11,-4,0,0,0,1013.6,76.3
133,대전,2020-01-18 5:12,-3.9,0,246.2,0.5,1013.5,76.4
133,대전,2020-01-18 5:13,-3.8,0,245.1,0.4,1013.5,76.6
133,대전,2020-01-18 5:14,-3.8,0,230.6,0.2,1013.5,76.6
133,대전,2020-01-18 5:15,-3.8,0,232,0.2,1013.5,76.6
133,대전,2020-01-18 5:16,-3.8,0,229.5,1,1013.5,76.7
133,대전,2020-01-18 5:17,-3.7,0,241.2,1,1013.5,76.7
133,대전,2020-01-18 5:18,-3.7,0,245.7,0.9,1013.5,76.7
133,대전,2020-01-18 5:19,-3.6,0,247.1,0.8,1013.5,76.8
133,대전,2020-01-18 5:20,-3.7,0,24.4,0.3,1013.5,76.7
133,대전,2020-01-18 5:21,-3.7,0,134.6,0.7,1013.5,76.2
133,대전,2020-01-18 5:22,-3.8,0,66.5,0.4,1013.5,76
133,대전,2020-01-18 5:23,-3.8,0,20.7,0.3,1013.5,75.8
133,대전,2020-01-18 5:24,-3.8,0,42.8,0.2,1013.6,75.6
133,대전,2020-01-18 5:25,-3.9,0,44,0.2,1013.6,75.5
133,대전,2020-01-18 5:26,-3.9,0,56.4,0.3,1013.6,75.7
133,대전,2020-01-18 5:27,-3.9,0,57.4,0.4,1013.6,75.8
133,대전,2020-01-18 5:28,-3.9,0,41,0.5,1013.6,75.8
133,대전,2020-01-18 5:29,-4,0,,,1013.6,75.8
133,대전,2020-01-18 5:30,-4,0,28.2,0.3,1013.6,75.7
133,대전,2020-01-18 5:31,-4,0,13.6,0.3,1013.6,75.9
133,대전,2020-01-18 5:32,-4,0,348,0.4,1013.6,76.3
133,대전,2020-01-18 5:33,-3.9,0,1.7,0.3,1013.6,76.6
133,대전,2020-01-18 5:34,-3.9,0,6.4,0.2,1013.6,76.8
133,대전,2020-01-18 5:35,-3.9,0,1.7,0.2,1013.7,77
133,대전,2020-01-18 5:36,-3.9,0,0,0.1,1013.7,77.1
133,대전,2020-01-18 5:37,-3.9,0,20.2,0.4,1013.7,77
133,대전,2020-01-18 5:38,-3.9,0,12.7,0.5,1013.7,76.8
133,대전,2020-01-18 5:39,-3.9,0,22.7,0.6,1013.7,76.9
133,대전,2020-01-18 5:40,-3.9,0,20.5,0.5,1013.7,76.7
133,대전,2020-01-18 5:41,-3.9,0,17,0.5,1013.7,76.4
133,대전,2020-01-18 5:42,-3.9,0,20.9,0.6,1013.7,76.5
133,대전,2020-01-18 5:43,-3.9,0,14.3,0.6,1013.7,76.6
133,대전,2020-01-18 5:44,-3.9,0,20.2,0.6,1013.6,76.7
133,대전,2020-01-18 5:45,-3.9,0,35.9,0.8,1013.6,76.6
133,대전,2020-01-18 5:46,-3.9,0,40.3,0.7,1013.6,76.3
133,대전,2020-01-18 5:47,-3.9,0,35.9,0.7,1013.7,76.1
133,대전,2020-01-18 5:48,-3.9,0,26.8,0.9,1013.7,75.9
133,대전,2020-01-18 5:49,-3.9,0,34.5,0.7,1013.7,75.9
133,대전,2020-01-18 5:50,-4,0,31.2,0.6,1013.7,76
133,대전,2020-01-18 5:51,-4,0,38.8,0.5,1013.7,76.1
133,대전,2020-01-18 5:52,-3.9,0,41.4,0.6,1013.7,76.3
133,대전,2020-01-18 5:53,-3.9,0,36.6,0.5,1013.7,76.6
133,대전,2020-01-18 5:54,-4,0,23.3,0.5,1013.7,76.5
133,대전,2020-01-18 5:55,-4,0,36.8,0.6,1013.7,76.2
133,대전,2020-01-18 5:56,-4,0,31.7,0.4,1013.7,76.1
133,대전,2020-01-18 5:57,-4,0,15.6,0.3,1013.7,75.8
133,대전,2020-01-18 5:58,-4.1,0,0,0.1,1013.7,75.8
133,대전,2020-01-18 5:59,-4.1,0,32.9,0.2,1013.7,75.6
133,대전,2020-01-18 6:00,-4.1,0,0,0,1013.7,75.7
133,대전,2020-01-18 6:01,-4.1,0,0,0.1,1013.7,76.2
133,대전,2020-01-18 6:02,-4.1,0,0,0.1,1013.7,76.3
133,대전,2020-01-18 6:03,-4.1,0,21.5,0.1,1013.7,76.3
133,대전,2020-01-18 6:04,-4.1,0,17.5,0.1,1013.7,76.3
133,대전,2020-01-18 6:05,-4,0,42,0.1,1013.7,76.4
133,대전,2020-01-18 6:06,-4,0,0,0,1013.8,76.7
133,대전,2020-01-18 6:07,-4,0,0,0.1,1013.8,77
133,대전,2020-01-18 6:08,-4,0,0,0,1013.8,77.2
133,대전,2020-01-18 6:09,-3.9,0,262.3,0.6,1013.8,77.4
133,대전,2020-01-18 6:10,-3.9,0,242.7,0.8,1013.8,77.4
133,대전,2020-01-18 6:11,-3.9,0,241.2,0.8,1013.8,77.5
133,대전,2020-01-18 6:12,-3.9,0,226.3,1,1013.8,77.7
133,대전,2020-01-18 6:13,-3.9,0,233,0.9,1013.8,77.7
133,대전,2020-01-18 6:14,-3.9,0,222.5,1.1,1013.8,77.8
133,대전,2020-01-18 6:15,-3.9,0,220.7,1,1013.9,77.9
133,대전,2020-01-18 6:16,-3.8,0,222.1,1,1013.9,77.9
133,대전,2020-01-18 6:17,-3.8,0,219.9,1.2,1013.9,77.9
133,대전,2020-01-18 6:18,-3.9,0,220.5,1.2,1013.9,77.9
133,대전,2020-01-18 6:19,-3.9,0,221.1,1,1013.9,77.8
133,대전,2020-01-18 6:20,-3.9,0,220.9,1.2,1013.9,77.9
133,대전,2020-01-18 6:21,-3.9,0,228.7,1,1013.9,77.9
133,대전,2020-01-18 6:22,-3.9,0,231.3,1.1,1013.9,77.9
133,대전,2020-01-18 6:23,-3.9,0,239.3,1.1,1013.9,77.9
133,대전,2020-01-18 6:24,-3.9,0,238.2,1.2,1013.9,78
133,대전,2020-01-18 6:25,-3.9,0,240.7,1.3,1013.9,77.9
133,대전,2020-01-18 6:26,-3.9,0,239.8,1.3,1013.9,78
133,대전,2020-01-18 6:27,-3.9,0,241.3,1.2,1013.9,78
133,대전,2020-01-18 6:28,-3.9,0,239.5,1.4,1013.9,78
133,대전,2020-01-18 6:29,-3.9,0,237.7,1.3,1013.9,78.1
133,대전,2020-01-18 6:30,-3.9,0,236.6,1.3,1014,78.2
133,대전,2020-01-18 6:31,-3.9,0,243.1,1.5,1014,78.1
133,대전,2020-01-18 6:32,-3.9,0,236.7,1.6,1014,78.1
133,대전,2020-01-18 6:33,-3.9,0,234.9,1.7,1014,78.1
133,대전,2020-01-18 6:34,-3.9,0,236,1.7,1014,78.2
133,대전,2020-01-18 6:35,-3.9,0,236.6,1.7,1014,78.2
133,대전,2020-01-18 6:36,-3.9,0,233.7,1.4,1014,78.3
133,대전,2020-01-18 6:37,-4,0,238.1,1.3,1014,78.3
133,대전,2020-01-18 6:38,-3.9,0,244.6,1.2,1014,78.3
133,대전,2020-01-18 6:39,-4,0,240.2,1.1,1014,78.3
133,대전,2020-01-18 6:40,-4,0,239.2,1.1,1014,78.4
133,대전,2020-01-18 6:41,-4,0,243.5,1.1,1014,78.4
133,대전,2020-01-18 6:42,-4,0,244.1,1,1014,78.5
133,대전,2020-01-18 6:43,-4,0,244.5,1.1,1014,78.5
133,대전,2020-01-18 6:44,-4,0,239.4,1,1014,78.5
133,대전,2020-01-18 6:45,-4,0,245.7,1,1014,78.4
133,대전,2020-01-18 6:46,-4.1,0,244.3,1.2,1014,78.5
133,대전,2020-01-18 6:47,-4.1,0,242.8,1.3,1014,78.6
133,대전,2020-01-18 6:48,-4.1,0,240.1,1.3,1014,78.7
133,대전,2020-01-18 6:49,-4.1,0,238.9,1.3,1014,78.7
133,대전,2020-01-18 6:50,-4.1,0,241.4,1.3,1014,78.8
133,대전,2020-01-18 6:51,-4.1,0,241.1,1.5,1014,78.9
133,대전,2020-01-18 6:52,-4.1,0,244.4,1.4,1014,78.9
133,대전,2020-01-18 6:53,-4.1,0,244.1,1.5,1014,78.9
133,대전,2020-01-18 6:54,-4.1,0,249.3,1.2,1014,79
133,대전,2020-01-18 6:55,-4.1,0,255.6,1.2,1014,79.1
133,대전,2020-01-18 6:56,-4.1,0,251.4,1.1,1014,79.1
133,대전,2020-01-18 6:57,-4.1,0,251.6,1.1,1014,79
133,대전,2020-01-18 6:58,-4.1,0,239.4,1.1,1014,79
133,대전,2020-01-18 6:59,-4.2,0,241.7,1.1,1014,79.1
133,대전,2020-01-18 7:00,-4.2,0,240.9,1.2,1014,79
133,대전,2020-01-18 7:01,-4.2,0,234.7,1.1,1014,79
133,대전,2020-01-18 7:02,-4.2,0,233.5,1,1014.1,79.1
133,대전,2020-01-18 7:03,-4.2,0,226.4,1.1,1014.1,79.2
133,대전,2020-01-18 7:04,-4.2,0,227.9,1.4,1014.1,79.2
133,대전,2020-01-18 7:05,-4.3,0,221,1.2,1014.2,79.2
133,대전,2020-01-18 7:06,-4.3,0,223.4,1.4,1014.2,79.3
133,대전,2020-01-18 7:07,-4.3,0,222.3,1.5,1014.2,79.3
133,대전,2020-01-18 7:08,-4.3,0,221.3,1.5,1014.2,79.3
133,대전,2020-01-18 7:09,-4.3,0,213.2,1.5,1014.3,79.3
133,대전,2020-01-18 7:10,-4.3,0,218.8,1.4,1014.3,79.4
133,대전,2020-01-18 7:11,-4.3,0,221.5,1.3,1014.3,79.4
133,대전,2020-01-18 7:12,-4.3,0,218.7,1.3,1014.3,79.4
133,대전,2020-01-18 7:13,-4.3,0,208.5,1.4,1014.3,79.5
133,대전,2020-01-18 7:14,-4.2,0,202.1,1,1014.3,79.5
133,대전,2020-01-18 7:15,-4.2,0,203.3,0.7,1014.4,79.4
133,대전,2020-01-18 7:16,-4.2,0,209.4,1.2,1014.4,79.5
133,대전,2020-01-18 7:17,-4.2,0,212.1,1.1,1014.4,79.4
133,대전,2020-01-18 7:18,-4.3,0,213.4,1,1014.4,79.3
133,대전,2020-01-18 7:19,-4.3,0,218.4,0.7,1014.4,79.2
133,대전,2020-01-18 7:20,-4.3,0,221.5,0.5,1014.4,79.1
133,대전,2020-01-18 7:21,-4.3,0,248.2,0.5,1014.3,79.1
133,대전,2020-01-18 7:22,-4.3,0,241.9,0.4,1014.3,79.1
133,대전,2020-01-18 7:23,-4.4,0,248.7,0.5,1014.4,79.1
133,대전,2020-01-18 7:24,-4.4,0,255.5,0.5,1014.4,78.9
133,대전,2020-01-18 7:25,-4.4,0,237.6,0.4,1014.4,78.8
133,대전,2020-01-18 7:26,-4.4,0,15.5,0.1,1014.4,78.6
133,대전,2020-01-18 7:27,-4.5,0,352.7,0.3,1014.4,78.4
133,대전,2020-01-18 7:28,-4.5,0,164.1,0.8,1014.4,78.4
133,대전,2020-01-18 7:29,-4.5,0,162.7,0.8,1014.4,78.3
133,대전,2020-01-18 7:30,-4.5,0,165.4,1,1014.5,78.4
133,대전,2020-01-18 7:31,-4.5,0,165.4,0.9,1014.5,78.5
133,대전,2020-01-18 7:32,-4.5,0,170.7,1.1,1014.5,78.7
133,대전,2020-01-18 7:33,-4.5,0,166.5,1,1014.4,78.9
133,대전,2020-01-18 7:34,-4.5,0,150.4,1,1014.4,78.9
133,대전,2020-01-18 7:35,-4.5,0,67.2,0.3,1014.4,79.1
133,대전,2020-01-18 7:36,-4.4,0,194.9,0.5,1014.4,79.2
133,대전,2020-01-18 7:37,-4.4,0,183.3,1,1014.4,79.2
133,대전,2020-01-18 7:38,-4.4,0,170.8,1.4,1014.4,79.2
133,대전,2020-01-18 7:39,-4.4,0,185.9,1.6,1014.4,79.3
133,대전,2020-01-18 7:40,-4.3,0,179.5,1.4,1014.4,79.2
133,대전,2020-01-18 7:41,-4.3,0,174.3,1.4,1014.4,79.2
133,대전,2020-01-18 7:42,-4.3,0,187,1,1014.4,79
133,대전,2020-01-18 7:43,-4.3,0,168.2,0.8,1014.4,78.9
133,대전,2020-01-18 7:44,-4.3,0,210,0.5,1014.4,78.7
133,대전,2020-01-18 7:45,-4.3,0,194.1,0.5,1014.4,78.6
133,대전,2020-01-18 7:46,-4.3,0,266.4,0.4,1014.3,78.6
133,대전,2020-01-18 7:47,-4.4,0,254.2,0.7,1014.3,78.6
133,대전,2020-01-18 7:48,-4.4,0,264.4,0.6,1014.3,78.6
133,대전,2020-01-18 7:49,-4.4,0,264.7,0.6,1014.3,78.6
133,대전,2020-01-18 7:50,-4.4,0,266.5,0.7,1014.3,78.6
133,대전,2020-01-18 7:51,-4.4,0,267.9,0.7,1014.3,78.8
133,대전,2020-01-18 7:52,-4.4,0,263.8,0.8,1014.3,78.9
133,대전,2020-01-18 7:53,-4.4,0,256.6,0.9,1014.3,79.1
133,대전,2020-01-18 7:54,-4.4,0,253.3,0.9,1014.3,79.2
133,대전,2020-01-18 7:55,-4.3,0,254.4,0.8,1014.3,79.4
133,대전,2020-01-18 7:56,-4.3,0,261.5,0.8,1014.3,79.4
133,대전,2020-01-18 7:57,-4.3,0,260.6,0.8,1014.3,79.4
133,대전,2020-01-18 7:58,-4.3,0,249.6,0.9,1014.3,79.6
133,대전,2020-01-18 7:59,-4.3,0,242.2,1,1014.3,79.7
133,대전,2020-01-18 8:00,-4.3,0,245.1,0.9,1014.3,79.7
133,대전,2020-01-18 8:01,-4.4,0,248.5,0.8,1014.3,79.8
133,대전,2020-01-18 8:02,-4.4,0,243.1,0.9,1014.3,79.8
133,대전,2020-01-18 8:03,-4.4,0,239.2,0.9,1014.3,79.8
133,대전,2020-01-18 8:04,-4.4,0,250.5,0.7,1014.3,79.8
133,대전,2020-01-18 8:05,-4.4,0,296.2,0.4,1014.3,79.9
133,대전,2020-01-18 8:06,-4.4,0,0,0.1,1014.3,79.8
133,대전,2020-01-18 8:07,-4.4,0,0,0,1014.3,79.6
133,대전,2020-01-18 8:08,-4.5,0,0,0,1014.4,79.5
133,대전,2020-01-18 8:09,-4.5,0,0,0,1014.4,79.1
133,대전,2020-01-18 8:10,-4.5,0,0,0.1,1014.4,78.8
133,대전,2020-01-18 8:11,-4.5,0,290.4,0.1,1014.4,78.8
133,대전,2020-01-18 8:12,-4.5,0,296.7,0.3,1014.4,78.8
133,대전,2020-01-18 8:13,-4.5,0,294.7,0.3,1014.4,78.9
133,대전,2020-01-18 8:14,-4.5,0,295.3,0.2,1014.4,79.3
133,대전,2020-01-18 8:15,-4.5,0,0,0,1014.4,79.5
133,대전,2020-01-18 8:16,-4.5,0,0,0,1014.4,79.6
133,대전,2020-01-18 8:17,-4.5,0,237.8,0.7,1014.4,79.5
133,대전,2020-01-18 8:18,-4.5,0,220.9,0.8,1014.4,79.7
133,대전,2020-01-18 8:19,-4.5,0,223.4,0.8,1014.4,79.9
133,대전,2020-01-18 8:20,-4.5,0,221,0.8,1014.4,79.9
133,대전,2020-01-18 8:21,-4.5,0,220.3,0.6,1014.4,79.8
133,대전,2020-01-18 8:22,-4.5,0,214.1,0.6,1014.4,80
133,대전,2020-01-18 8:23,-4.5,0,229.5,0.6,1014.4,80.1
133,대전,2020-01-18 8:24,-4.5,0,258.9,0.3,1014.4,80.1
133,대전,2020-01-18 8:25,-4.5,0,309,0.2,1014.4,80.2
133,대전,2020-01-18 8:26,-4.5,0,0,0,1014.5,80.1
133,대전,2020-01-18 8:27,-4.5,0,0,0,1014.5,79.9
133,대전,2020-01-18 8:28,-4.5,0,0,0,1014.5,79.7
133,대전,2020-01-18 8:29,-4.5,0,0,0,1014.5,79.5
133,대전,2020-01-18 8:30,-4.5,0,46,0.3,1014.5,79.2
133,대전,2020-01-18 8:31,-4.5,0,33,0.2,1014.5,79.3
133,대전,2020-01-18 8:32,-4.5,0,0,0.1,1014.5,79.2
133,대전,2020-01-18 8:33,-4.5,0,290.1,0.2,1014.5,79
133,대전,2020-01-18 8:34,-4.5,0,0,0,1014.5,79
133,대전,2020-01-18 8:35,-4.5,0,281.8,0.2,1014.5,78.7
133,대전,2020-01-18 8:36,-4.5,0,265.8,0.1,1014.5,78.7
133,대전,2020-01-18 8:37,-4.5,0,300.9,0.2,1014.5,78.7
133,대전,2020-01-18 8:38,-4.5,0,281.1,0.3,1014.5,78.4
133,대전,2020-01-18 8:39,-4.4,0,275.8,0.2,1014.4,78.8
133,대전,2020-01-18 8:40,-4.3,0,277.7,0.3,1014.4,79.2
133,대전,2020-01-18 8:41,-4.3,0,272.3,0.3,1014.4,79.4
133,대전,2020-01-18 8:42,-4.2,0,269.8,0.2,1014.4,79.6
133,대전,2020-01-18 8:43,-4.2,0,284.5,0.1,1014.4,79.6
133,대전,2020-01-18 8:44,-4.2,0,292.8,0.1,1014.4,79.3
133,대전,2020-01-18 8:45,-4.1,0,282.3,0.2,1014.4,79.4
133,대전,2020-01-18 8:46,-4.1,0,281.2,0.3,1014.4,79.4
133,대전,2020-01-18 8:47,-4.1,0,0,0.1,1014.4,79.4
133,대전,2020-01-18 8:48,-4,0,260,0.3,1014.4,79.1
133,대전,2020-01-18 8:49,-4,0,264.8,0.5,1014.5,79
133,대전,2020-01-18 8:50,-4,0,246.6,0.6,1014.5,78.9
133,대전,2020-01-18 8:51,-3.9,0,237.9,0.8,1014.5,79.1
133,대전,2020-01-18 8:52,-3.8,0,244.7,0.7,1014.5,79.1
133,대전,2020-01-18 8:53,-3.8,0,244.6,0.6,1014.5,78.9
133,대전,2020-01-18 8:54,-3.8,0,261.1,0.5,1014.5,78.8
133,대전,2020-01-18 8:55,-3.7,0,261.9,0.4,1014.5,78.6
133,대전,2020-01-18 8:56,-3.7,0,245.5,0.9,1014.5,78.4
133,대전,2020-01-18 8:57,-3.6,0,273.2,0.8,1014.6,78.2
133,대전,2020-01-18 8:58,-3.6,0,268,0.8,1014.6,78.2
133,대전,2020-01-18 8:59,-3.5,0,270.3,0.7,1014.6,78.1
133,대전,2020-01-18 9:00,-3.5,0,277.1,0.8,1014.5,78.1
133,대전,2020-01-18 9:01,-3.5,0,275.2,0.6,1014.5,78
133,대전,2020-01-18 9:02,-3.4,0,272.9,0.6,1014.5,78
133,대전,2020-01-18 9:03,-3.4,0,272.1,0.7,1014.5,77.8
133,대전,2020-01-18 9:04,-3.4,0,276.3,0.6,1014.5,77.8
133,대전,2020-01-18 9:05,-3.3,0,280.5,0.6,1014.5,77.7
133,대전,2020-01-18 9:06,-3.3,0,275.7,0.8,1014.5,77.6
133,대전,2020-01-18 9:07,-3.3,0,272.9,0.9,1014.6,77.6
133,대전,2020-01-18 9:08,-3.3,0,273.4,0.8,1014.6,77.3
133,대전,2020-01-18 9:09,-3.3,0,275.3,0.9,1014.6,77.1
133,대전,2020-01-18 9:10,-3.2,0,274.5,0.7,1014.6,77
133,대전,2020-01-18 9:11,-3.2,0,279.2,0.7,1014.6,76.8
133,대전,2020-01-18 9:12,-3.2,0,282.7,0.4,1014.6,76.6
133,대전,2020-01-18 9:13,-3.2,0,322.3,0.5,1014.6,76.5
133,대전,2020-01-18 9:14,-3.2,0,319.6,0.3,1014.6,76.4
133,대전,2020-01-18 9:15,-3.1,0,267.8,0.2,1014.6,76.2
133,대전,2020-01-18 9:16,-3,0,358.3,0.2,1014.6,76.3
133,대전,2020-01-18 9:17,-3,0,0,0.1,1014.6,76.3
133,대전,2020-01-18 9:18,-2.9,0,331.5,0.6,1014.6,76.3
133,대전,2020-01-18 9:19,-2.8,0,7.2,0.5,1014.6,76.2
133,대전,2020-01-18 9:20,-2.8,0,3.6,0.4,1014.6,76
133,대전,2020-01-18 9:21,-2.7,0,45.2,0.7,1014.6,75.9
133,대전,2020-01-18 9:22,-2.6,0,76.9,0.9,1014.6,75.8
133,대전,2020-01-18 9:23,-2.6,0,62.3,0.6,1014.6,75.8
133,대전,2020-01-18 9:24,-2.5,0,55.7,0.5,1014.6,75.8
133,대전,2020-01-18 9:25,-2.5,0,11.8,0.4,1014.6,75.4
133,대전,2020-01-18 9:26,-2.4,0,35.3,0.4,1014.6,75.3
133,대전,2020-01-18 9:27,-2.4,0,30.7,0.3,1014.7,74.9
133,대전,2020-01-18 9:28,-2.4,0,94.7,0.2,1014.7,74.2
133,대전,2020-01-18 9:29,-2.3,0,159.3,0.3,1014.7,73.9
133,대전,2020-01-18 9:30,-2.1,0,186.9,0.2,1014.7,74
133,대전,2020-01-18 9:31,-2,0,256.6,0.1,1014.7,73.8
133,대전,2020-01-18 9:32,-2,0,244.6,0.2,1014.7,73.6
133,대전,2020-01-18 9:33,-1.9,0,0,0,1014.7,73.4
133,대전,2020-01-18 9:34,-1.8,0,0,0,1014.7,73.2
133,대전,2020-01-18 9:35,-1.8,0,297.8,0.1,1014.7,73
133,대전,2020-01-18 9:36,-1.8,0,262.3,0.2,1014.7,72.6
133,대전,2020-01-18 9:37,-1.8,0,212.2,0.2,1014.7,72.2
133,대전,2020-01-18 9:38,-1.8,0,218,0.2,1014.7,72.2
133,대전,2020-01-18 9:39,-1.7,0,286.6,0.5,1014.7,72.3
133,대전,2020-01-18 9:40,-1.6,0,74.3,0.4,1014.7,72.2
133,대전,2020-01-18 9:41,-1.4,0,156.3,0.4,1014.7,71.7
133,대전,2020-01-18 9:42,-1.4,0,189.9,0.3,1014.7,70.7
133,대전,2020-01-18 9:43,-1.4,0,0,0.1,1014.7,69.9
133,대전,2020-01-18 9:44,-1.3,0,40.5,0.2,1014.7,69.5
133,대전,2020-01-18 9:45,-1.2,0,88.7,0.8,1014.7,69.9
133,대전,2020-01-18 9:46,-1,0,276.9,0.4,1014.7,69.6
133,대전,2020-01-18 9:47,-1,0,37,0.6,1014.7,69.1
133,대전,2020-01-18 9:48,-0.8,0,200,0.4,1014.7,68.9
133,대전,2020-01-18 9:49,-0.8,0,113.9,0.4,1014.6,68.2
133,대전,2020-01-18 9:50,-0.7,0,111.8,1.1,1014.6,68.1
133,대전,2020-01-18 9:51,-0.6,0,88.4,1.1,1014.6,68
133,대전,2020-01-18 9:52,-0.5,0,157.5,0.6,1014.6,67.7
133,대전,2020-01-18 9:53,-0.6,0,172.5,0.5,1014.7,67
133,대전,2020-01-18 9:54,-0.6,0,135.8,0.4,1014.7,67.1
133,대전,2020-01-18 9:55,-0.5,0,87.4,0.6,1014.7,67.4
133,대전,2020-01-18 9:56,-0.5,0,79.4,0.3,1014.7,67.2
133,대전,2020-01-18 9:57,-0.5,0,44.6,0.3,1014.7,66.9
133,대전,2020-01-18 9:58,-0.4,0,279.1,0.3,1014.7,67.1
133,대전,2020-01-18 9:59,-0.2,0,158.7,0.3,1014.7,67.2
133,대전,2020-01-18 10:00,-0.1,0,30.2,0.7,1014.7,66.7
133,대전,2020-01-18 10:01,-0.1,0,12.6,0.8,1014.7,66.3
133,대전,2020-01-18 10:02,-0.2,0,17.9,1,1014.7,65.8
133,대전,2020-01-18 10:03,-0.2,0,36.4,1.3,1014.7,65.4
133,대전,2020-01-18 10:04,-0.2,0,54.5,0.7,1014.7,65.4
133,대전,2020-01-18 10:05,-0.2,0,81,0.9,1014.7,65.1
133,대전,2020-01-18 10:06,-0.1,0,70.4,1,1014.6,65.3
133,대전,2020-01-18 10:07,0,0,27.8,1.6,1014.6,65.5
133,대전,2020-01-18 10:08,0.1,0,37.5,1,1014.6,65.5
133,대전,2020-01-18 10:09,0.1,0,36,0.8,1014.6,64.9
133,대전,2020-01-18 10:10,0.1,0,17.9,1.5,1014.6,65
133,대전,2020-01-18 10:11,0.2,0,30.2,1.1,1014.6,65.4
133,대전,2020-01-18 10:12,0.3,0,48.7,1,1014.7,65.4
133,대전,2020-01-18 10:13,0.2,0,2.2,0.9,1014.7,64.3
133,대전,2020-01-18 10:14,0.2,0,28.4,0.8,1014.7,63.6
133,대전,2020-01-18 10:15,0.1,0,12.4,0.6,1014.8,63.2
133,대전,2020-01-18 10:16,0,0,1.1,0.5,1014.8,62.7
133,대전,2020-01-18 10:17,0,0,351.9,0.6,1014.8,62.2
133,대전,2020-01-18 10:18,0,0,319.7,0.5,1014.8,62.2
133,대전,2020-01-18 10:19,0.1,0,43,0.8,1014.8,63.2
133,대전,2020-01-18 10:20,0.1,0,32.6,0.5,1014.9,63.2
133,대전,2020-01-18 10:21,0.1,0,55.6,0.3,1014.9,62.5
133,대전,2020-01-18 10:22,0.1,0,183.4,0.4,1014.9,62.3
133,대전,2020-01-18 10:23,0.2,0,200.9,0.6,1014.9,63.5
133,대전,2020-01-18 10:24,0.3,0,169,0.3,1014.8,64
133,대전,2020-01-18 10:25,0.4,0,0,0.1,1014.8,64
133,대전,2020-01-18 10:26,0.5,0,353.1,0.1,1014.8,63.4
133,대전,2020-01-18 10:27,0.6,0,112.6,0.5,1014.8,63.1
133,대전,2020-01-18 10:28,0.7,0,71.5,0.6,1014.9,62.7
133,대전,2020-01-18 10:29,0.7,0,222.9,0.6,1014.9,62.1
133,대전,2020-01-18 10:30,0.7,0,157.3,0.6,1014.8,61.8
133,대전,2020-01-18 10:31,0.8,0,154,0.7,1014.8,61.1
133,대전,2020-01-18 10:32,1,0,107.3,0.8,1014.8,60.4
133,대전,2020-01-18 10:33,1,0,123.8,0.7,1014.8,60
133,대전,2020-01-18 10:34,1.1,0,152.9,0.4,1014.8,59.8
133,대전,2020-01-18 10:35,1.3,0,107.4,0.8,1014.8,59.9
133,대전,2020-01-18 10:36,1.4,0,199.4,0.7,1014.8,59.3
133,대전,2020-01-18 10:37,1.4,0,0,0.1,1014.8,58.7
133,대전,2020-01-18 10:38,1.5,0,319.4,0.3,1014.8,58.9
133,대전,2020-01-18 10:39,1.6,0,200.7,0.2,1014.8,59.1
133,대전,2020-01-18 10:40,1.6,0,331.1,0.3,1014.8,58.4
133,대전,2020-01-18 10:41,1.7,0,294.9,0.4,1014.8,58.4
133,대전,2020-01-18 10:42,1.8,0,48.3,0.6,1014.8,58.1
133,대전,2020-01-18 10:43,1.8,0,287.2,0.4,1014.8,57.9
133,대전,2020-01-18 10:44,1.8,0,255.6,0.1,1014.8,57.8
133,대전,2020-01-18 10:45,2,0,292.3,0.2,1014.8,58.2
133,대전,2020-01-18 10:46,2.1,0,0,0,1014.8,58.3
133,대전,2020-01-18 10:47,2.2,0,201.2,0.4,1014.8,58
133,대전,2020-01-18 10:48,2.1,0,148.3,0.2,1014.8,56.8
133,대전,2020-01-18 10:49,2.1,0,63.3,0.2,1014.8,56.8
133,대전,2020-01-18 10:50,2,0,196,0.2,1014.8,56.7
133,대전,2020-01-18 10:51,2,0,0,0.1,1014.8,56.9
133,대전,2020-01-18 10:52,2,0,75.8,0.3,1014.8,57
133,대전,2020-01-18 10:53,2,0,350.5,0.3,1014.8,56.6
133,대전,2020-01-18 10:54,2,0,87.2,1,1014.8,56.4
133,대전,2020-01-18 10:55,2,0,52.3,0.7,1014.8,56.4
133,대전,2020-01-18 10:56,2.2,0,41.2,1,1014.8,56.9
133,대전,2020-01-18 10:57,2.4,0,56.9,0.9,1014.8,57
133,대전,2020-01-18 10:58,2.5,0,35.3,1.1,1014.8,56.4
133,대전,2020-01-18 10:59,2.6,0,14,1,1014.8,55.4
133,대전,2020-01-18 11:00,2.6,0,29,1.4,1014.8,53.7
133,대전,2020-01-18 11:01,2.6,0,67.4,0.9,1014.8,53.2
133,대전,2020-01-18 11:02,2.8,0,60.2,0.8,1014.8,54.1
133,대전,2020-01-18 11:03,2.9,0,170.9,0.5,1014.8,54.2
133,대전,2020-01-18 11:04,3,0,209.4,0.4,1014.7,53.8
133,대전,2020-01-18 11:05,3,0,88.9,0.9,1014.7,53.9
133,대전,2020-01-18 11:06,3,0,89,0.9,1014.8,53.3
133,대전,2020-01-18 11:07,3,0,118.5,1.5,1014.8,52.3
133,대전,2020-01-18 11:08,2.9,0,147.3,1.1,1014.7,51.3
133,대전,2020-01-18 11:09,2.9,0,134.9,0.5,1014.7,51.3
133,대전,2020-01-18 11:10,3,0,124.9,0.8,1014.7,51.9
133,대전,2020-01-18 11:11,3.1,0,331.2,0.8,1014.6,51.9
133,대전,2020-01-18 11:12,3.1,0,66.1,1.5,1014.6,51.2
133,대전,2020-01-18 11:13,3.2,0,75.4,1.1,1014.6,50.7
133,대전,2020-01-18 11:14,3.2,0,72.6,1.7,1014.5,49.9
133,대전,2020-01-18 11:15,3.1,0,51.4,1.2,1014.5,49.2
133,대전,2020-01-18 11:16,3,0,101.4,0.7,1014.5,49.4
133,대전,2020-01-18 11:17,3.2,0,84.4,0.6,1014.5,49.6
133,대전,2020-01-18 11:18,3.3,0,204.3,0.8,1014.5,49.1
133,대전,2020-01-18 11:19,3.3,0,135,0.3,1014.4,48.3
133,대전,2020-01-18 11:20,3.3,0,309.1,0.4,1014.4,48.9
133,대전,2020-01-18 11:21,3.2,0,339.7,0.5,1014.4,49.1
133,대전,2020-01-18 11:22,3.2,0,27.8,0.7,1014.4,48.8
133,대전,2020-01-18 11:23,3.2,0,303,0.1,1014.4,48.8
133,대전,2020-01-18 11:24,3.3,0,6.7,0.3,1014.4,48.4
133,대전,2020-01-18 11:25,3.4,0,95.6,1,1014.3,47.8
133,대전,2020-01-18 11:26,3.3,0,121.2,0.5,1014.3,47.9
133,대전,2020-01-18 11:27,3.5,0,73.7,0.9,1014.3,48.9
133,대전,2020-01-18 11:28,3.7,0,74.7,0.9,1014.3,49.1
133,대전,2020-01-18 11:29,3.9,0,136.9,1.3,1014.3,48.1
133,대전,2020-01-18 11:30,4.1,0,145.4,1,1014.3,47.7
133,대전,2020-01-18 11:31,4.1,0,175.7,1.4,1014.3,47.2
133,대전,2020-01-18 11:32,4.2,0,176.7,0.9,1014.3,47.1
133,대전,2020-01-18 11:33,4.2,0,116.6,0.5,1014.3,46.8
133,대전,2020-01-18 11:34,4,0,66.5,1.1,1014.3,45.1
133,대전,2020-01-18 11:35,3.8,0,121,0.8,1014.2,45.2
133,대전,2020-01-18 11:36,3.7,0,204.7,0.5,1014.2,45.8
133,대전,2020-01-18 11:37,3.8,0,262.3,0.7,1014.2,45.6
133,대전,2020-01-18 11:38,3.8,0,255.3,0.7,1014.2,45.8
133,대전,2020-01-18 11:39,3.8,0,294.6,0.2,1014.2,45.5
133,대전,2020-01-18 11:40,3.7,0,3.1,0.6,1014.2,44.1
133,대전,2020-01-18 11:41,3.7,0,265.9,0.7,1014.2,42.8
133,대전,2020-01-18 11:42,3.8,0,253.1,0.6,1014.2,42.6
133,대전,2020-01-18 11:43,3.9,0,209.6,0.5,1014.2,42.5
133,대전,2020-01-18 11:44,3.8,0,331.9,0.3,1014.2,42.3
133,대전,2020-01-18 11:45,3.9,0,321.3,1.1,1014.2,42.2
133,대전,2020-01-18 11:46,4,0,340,0.6,1014.2,42.4
133,대전,2020-01-18 11:47,4,0,282,0.5,1014.2,41.6
133,대전,2020-01-18 11:48,4,0,289.9,1.1,1014.2,41.7
133,대전,2020-01-18 11:49,4,0,302,0.7,1014.2,41.9
133,대전,2020-01-18 11:50,3.9,0,343,0.7,1014.2,41.1
133,대전,2020-01-18 11:51,3.9,0,14.2,0.5,1014.2,41.3
133,대전,2020-01-18 11:52,3.9,0,339.9,1.1,1014.2,42
133,대전,2020-01-18 11:53,3.9,0,356.7,1.3,1014.2,43.7
133,대전,2020-01-18 11:54,4,0,327.2,1,1014.1,44.7
133,대전,2020-01-18 11:55,4.1,0,276.6,1.1,1014.1,44.9
133,대전,2020-01-18 11:56,4.1,0,326.9,0.8,1014.1,44.1
133,대전,2020-01-18 11:57,4,0,292.7,0.6,1014.1,41.7
133,대전,2020-01-18 11:58,4,0,297.9,0.4,1014.1,40.1
133,대전,2020-01-18 11:59,4.1,0,312.9,0.4,1014.1,40.7
133,대전,2020-01-18 12:00,4.1,0,209,0.9,1014.1,40.7
133,대전,2020-01-18 12:01,4.2,0,204.5,1.1,1014.1,39.7
133,대전,2020-01-18 12:02,4.2,0,213.8,1.2,1014.1,39.5
133,대전,2020-01-18 12:03,4.2,0,168.9,0.9,1014.1,38.6
133,대전,2020-01-18 12:04,4.2,0,229.5,1.7,1014,37.8
133,대전,2020-01-18 12:05,4.2,0,213.4,1.5,1014,37.3
133,대전,2020-01-18 12:06,4.2,0,229.5,0.5,1014,36.8
133,대전,2020-01-18 12:07,4.3,0,295.6,0.8,1014,37.2
133,대전,2020-01-18 12:08,4.5,0,312.5,1.2,1013.9,37.1
133,대전,2020-01-18 12:09,4.5,0,284.8,1.6,1013.9,36.3
133,대전,2020-01-18 12:10,4.4,0,278.1,1.6,1013.9,35.3
133,대전,2020-01-18 12:11,4.4,0,254.8,1.6,1013.9,35.5
133,대전,2020-01-18 12:12,4.4,0,217.4,1.2,1013.9,35.2
133,대전,2020-01-18 12:13,4.5,0,284.5,0.7,1013.9,33.9
133,대전,2020-01-18 12:14,4.6,0,280.5,2.1,1013.9,33.7
133,대전,2020-01-18 12:15,4.6,0,294.7,2.3,1013.9,33.6
133,대전,2020-01-18 12:16,4.7,0,307.7,1.7,1013.9,34.4
133,대전,2020-01-18 12:17,4.7,0,282.9,1.7,1013.9,33.8
133,대전,2020-01-18 12:18,4.7,0,298.4,1.2,1013.9,32.6
133,대전,2020-01-18 12:19,4.7,0,298.6,1.9,1013.9,32
133,대전,2020-01-18 12:20,4.8,0,291.5,1.3,1013.9,31.2
133,대전,2020-01-18 12:21,4.8,0,285,1.4,1013.9,29.7
133,대전,2020-01-18 12:22,4.8,0,256.4,0.5,1013.9,29.8
133,대전,2020-01-18 12:23,4.9,0,175.2,0.5,1013.9,30.4
133,대전,2020-01-18 12:24,5,0,215.6,1.4,1013.9,30.6
133,대전,2020-01-18 12:25,5,0,248.5,1,1013.8,29.9
133,대전,2020-01-18 12:26,5,0,279.1,1.9,1013.8,29.6
133,대전,2020-01-18 12:27,5,0,272.7,1.7,1013.8,29.9
133,대전,2020-01-18 12:28,5.1,0,326.1,0.9,1013.8,29.1
133,대전,2020-01-18 12:29,5.3,0,291.8,0.9,1013.7,29.3
133,대전,2020-01-18 12:30,5.4,0,299.1,1.3,1013.7,29.6
133,대전,2020-01-18 12:31,5.4,0,282.9,1.4,1013.7,28.3
133,대전,2020-01-18 12:32,5.5,0,283.7,1.6,1013.6,28.3
133,대전,2020-01-18 12:33,5.5,0,273.2,2.1,1013.6,27.7
133,대전,2020-01-18 12:34,5.4,0,273.6,1,1013.6,26.4
133,대전,2020-01-18 12:35,5.4,0,254.1,1.6,1013.6,26.8
133,대전,2020-01-18 12:36,5.4,0,297.5,1,1013.5,27.2
133,대전,2020-01-18 12:37,5.5,0,272.4,2.2,1013.5,27.8
133,대전,2020-01-18 12:38,5.5,0,273,2.9,1013.5,27.5
133,대전,2020-01-18 12:39,5.4,0,280.7,2.2,1013.5,26.6
133,대전,2020-01-18 12:40,5.5,0,269.5,3.1,1013.5,26.8
133,대전,2020-01-18 12:41,5.5,0,270.2,3.6,1013.4,26.7
133,대전,2020-01-18 12:42,5.6,0,274,3,1013.4,26.5
133,대전,2020-01-18 12:43,5.6,0,283.5,2.6,1013.4,26.7
133,대전,2020-01-18 12:44,5.5,0,270.8,2.7,1013.4,26.7
133,대전,2020-01-18 12:45,5.5,0,289.9,2.6,1013.4,26.6
133,대전,2020-01-18 12:46,5.4,0,282.1,2.4,1013.3,26.5
133,대전,2020-01-18 12:47,5.5,0,283.2,2.8,1013.3,27
133,대전,2020-01-18 12:48,5.5,0,269.3,3,1013.3,27.7
133,대전,2020-01-18 12:49,5.5,0,283.8,1.9,1013.3,27.8
133,대전,2020-01-18 12:50,5.6,0,266.2,1.3,1013.3,28.3
133,대전,2020-01-18 12:51,5.7,0,242,1,1013.3,28.6
133,대전,2020-01-18 12:52,5.9,0,280.4,0.7,1013.2,28.8
133,대전,2020-01-18 12:53,6.1,0,289.6,1.7,1013.2,29.2
133,대전,2020-01-18 12:54,6.2,0,270.4,2.6,1013.2,29.1
133,대전,2020-01-18 12:55,6.1,0,218.9,2.2,1013.2,28.4
133,대전,2020-01-18 12:56,6.2,0,289.9,1,1013.1,27.7
133,대전,2020-01-18 12:57,6.2,0,273,2.1,1013.1,28.3
133,대전,2020-01-18 12:58,6.2,0,226.6,1.7,1013,28.1
133,대전,2020-01-18 12:59,6.1,0,239.8,1.5,1013,27.9
133,대전,2020-01-18 13:00,6,0,231.3,2,1013,28.3
133,대전,2020-01-18 13:01,5.9,0,269.3,1.2,1013,28.4
133,대전,2020-01-18 13:02,6,0,300.5,1.2,1013,28.8
133,대전,2020-01-18 13:03,5.9,0,261.7,1.7,1013,28.3
133,대전,2020-01-18 13:04,5.8,0,269.6,1.8,1013,27.9
133,대전,2020-01-18 13:05,6,0,241.8,0.9,1012.9,28.3
133,대전,2020-01-18 13:06,6.1,0,224.5,1.5,1012.9,29
133,대전,2020-01-18 13:07,6,0,247.6,1,1012.9,28.3
133,대전,2020-01-18 13:08,6.2,0,322.2,0.6,1012.9,28.6
133,대전,2020-01-18 13:09,6.3,0,329.5,0.7,1012.9,28.4
133,대전,2020-01-18 13:10,6.3,0,290.9,0.9,1012.9,28.5
133,대전,2020-01-18 13:11,6.4,0,260.8,2,1012.8,28.8
133,대전,2020-01-18 13:12,6.4,0,258.2,2.5,1012.8,28.7
133,대전,2020-01-18 13:13,6.3,0,268.1,1.7,1012.8,28.4
133,대전,2020-01-18 13:14,6.3,0,265.2,2.2,1012.8,28.4
133,대전,2020-01-18 13:15,6.2,0,244.6,2,1012.8,28.5
133,대전,2020-01-18 13:16,6.1,0,260.5,2,1012.7,28.3
133,대전,2020-01-18 13:17,6,0,264.4,1.3,1012.7,28.5
133,대전,2020-01-18 13:18,6,0,223.5,1.6,1012.7,28.9
133,대전,2020-01-18 13:19,6.1,0,243.7,1.5,1012.7,28.8
133,대전,2020-01-18 13:20,6.2,0,238.1,2.3,1012.7,28.7
133,대전,2020-01-18 13:21,6.3,0,263,1.6,1012.7,28.3
133,대전,2020-01-18 13:22,6.4,0,263.2,2.4,1012.6,28.3
133,대전,2020-01-18 13:23,6.5,0,264.8,2.2,1012.6,28.2
133,대전,2020-01-18 13:24,6.5,0,288.2,0.8,1012.6,28.1
133,대전,2020-01-18 13:25,6.4,0,274.3,0.8,1012.6,28.1
133,대전,2020-01-18 13:26,6.4,0,269.2,2,1012.6,28.1
133,대전,2020-01-18 13:27,6.4,0,283,2.7,1012.6,28.4
133,대전,2020-01-18 13:28,6.4,0,195.6,1.6,1012.5,29
133,대전,2020-01-18 13:29,6.6,0,192.1,1.5,1012.5,29.8
133,대전,2020-01-18 13:30,6.6,0,167.9,1.4,1012.5,29
133,대전,2020-01-18 13:31,6.6,0,204.5,1,1012.5,28.3
133,대전,2020-01-18 13:32,6.6,0,304.9,0.8,1012.4,28.3
133,대전,2020-01-18 13:33,6.6,0,6.2,0.9,1012.4,27.7
133,대전,2020-01-18 13:34,6.6,0,12.4,0.8,1012.4,27.9
133,대전,2020-01-18 13:35,6.7,0,277,1.3,1012.3,28
133,대전,2020-01-18 13:36,6.7,0,289.4,1.7,1012.3,28.5
133,대전,2020-01-18 13:37,6.7,0,275.8,2.3,1012.3,28.2
133,대전,2020-01-18 13:38,6.7,0,280.5,1.9,1012.3,27.6
133,대전,2020-01-18 13:39,6.6,0,246,2,1012.3,27.2
133,대전,2020-01-18 13:40,6.5,0,294.1,1.3,1012.3,26.6
133,대전,2020-01-18 13:41,6.6,0,274.8,1.4,1012.3,27.7
133,대전,2020-01-18 13:42,6.6,0,254,1.4,1012.3,27.7
133,대전,2020-01-18 13:43,6.6,0,277.5,1.6,1012.4,27.2
133,대전,2020-01-18 13:44,6.5,0,276.3,1.6,1012.4,26.5
133,대전,2020-01-18 13:45,6.4,0,289.2,1.3,1012.4,26.9
133,대전,2020-01-18 13:46,6.5,0,260,1.8,1012.4,27.3
133,대전,2020-01-18 13:47,6.5,0,249.9,2,1012.4,27.5
133,대전,2020-01-18 13:48,6.4,0,251,1.6,1012.4,27.7
133,대전,2020-01-18 13:49,6.5,0,251.7,1.8,1012.4,27.9
133,대전,2020-01-18 13:50,6.6,0,250.1,0.9,1012.4,28.2
133,대전,2020-01-18 13:51,6.6,0,215.5,1.4,1012.4,28
133,대전,2020-01-18 13:52,6.7,0,280.5,0.9,1012.4,27.8
133,대전,2020-01-18 13:53,6.8,0,219.9,0.9,1012.4,28.1
133,대전,2020-01-18 13:54,6.9,0,227.6,2.3,1012.4,27.8
133,대전,2020-01-18 13:55,6.8,0,244.1,3.3,1012.4,27.3
133,대전,2020-01-18 13:56,6.7,0,243.4,3.1,1012.4,26.9
133,대전,2020-01-18 13:57,6.6,0,233.7,2.4,1012.3,27.1
133,대전,2020-01-18 13:58,6.7,0,227.6,2.9,1012.3,27.7
133,대전,2020-01-18 13:59,6.8,0,247.3,2,1012.3,27.6
133,대전,2020-01-18 14:00,6.8,0,280.7,1.2,1012.3,27.8
133,대전,2020-01-18 14:01,6.9,0,248.9,1.5,1012.3,27.5
133,대전,2020-01-18 14:02,6.9,0,316.5,0.8,1012.3,27.6
133,대전,2020-01-18 14:03,6.9,0,332.6,1.2,1012.3,27.4
133,대전,2020-01-18 14:04,6.8,0,310.5,1.3,1012.3,26.8
133,대전,2020-01-18 14:05,6.7,0,285.9,1.4,1012.2,26.7
133,대전,2020-01-18 14:06,6.6,0,256.9,2.1,1012.2,26.8
133,대전,2020-01-18 14:07,6.6,0,191.1,1.3,1012.2,27.4
133,대전,2020-01-18 14:08,6.7,0,244.1,1.5,1012.2,28.1
133,대전,2020-01-18 14:09,6.9,0,238.5,2.2,1012.3,28.5
133,대전,2020-01-18 14:10,6.9,0,266.5,1.5,1012.3,28.5
133,대전,2020-01-18 14:11,6.9,0,265.4,1.5,1012.2,27.7
133,대전,2020-01-18 14:12,7,0,255.8,2.4,1012.3,27.4
133,대전,2020-01-18 14:13,7.1,0,255.2,1.5,1012.2,27
133,대전,2020-01-18 14:14,7.1,0,250.7,1.8,1012.2,26.8
133,대전,2020-01-18 14:15,7.1,0,256.5,1.6,1012.2,26.9
133,대전,2020-01-18 14:16,7.1,0,269.7,1.7,1012.2,26.5
133,대전,2020-01-18 14:17,7.2,0,247.9,2.3,1012.2,26.6
133,대전,2020-01-18 14:18,7.2,0,243.3,1.9,1012.2,26.3
133,대전,2020-01-18 14:19,7.2,0,256.6,2.3,1012.2,26.4
133,대전,2020-01-18 14:20,7.2,0,258.8,1.2,1012.1,26
133,대전,2020-01-18 14:21,7.2,0,288.2,1.9,1012.1,26.1
133,대전,2020-01-18 14:22,7.2,0,270.3,1.8,1012.1,26.5
133,대전,2020-01-18 14:23,7.1,0,270.5,1.3,1012.1,26.8
133,대전,2020-01-18 14:24,7.1,0,319,2,1012.1,26.6
133,대전,2020-01-18 14:25,7,0,326.4,2,1012,26.3
133,대전,2020-01-18 14:26,6.9,0,311.4,1,1012,25.9
133,대전,2020-01-18 14:27,6.8,0,244.8,1.9,1012,26.2
133,대전,2020-01-18 14:28,6.7,0,259.8,1.8,1012,26.5
133,대전,2020-01-18 14:29,6.8,0,231.8,3.3,1012,27
133,대전,2020-01-18 14:30,6.8,0,265.1,2.3,1012.1,27.6
133,대전,2020-01-18 14:31,6.8,0,270.3,1.6,1012,27.3
133,대전,2020-01-18 14:32,6.9,0,228.4,1.2,1012.1,27.3
133,대전,2020-01-18 14:33,7,0,255.1,1.5,1012,27.7
133,대전,2020-01-18 14:34,7.1,0,286.7,1.2,1012.1,27.5
133,대전,2020-01-18 14:35,7.1,0,283.3,0.3,1012,27.6
133,대전,2020-01-18 14:36,7.1,0,283.5,1.2,1012,27.9
133,대전,2020-01-18 14:37,7.1,0,256.3,1.4,1012,28.3
133,대전,2020-01-18 14:38,7.2,0,247.2,1.8,1012,28.1
133,대전,2020-01-18 14:39,7.3,0,253.4,2.2,1012,27.2
133,대전,2020-01-18 14:40,7.2,0,284.5,1.7,1012,26.3
133,대전,2020-01-18 14:41,7.3,0,265.9,1.6,1012,26.8
133,대전,2020-01-18 14:42,7.3,0,276.2,1.9,1012,26.9
133,대전,2020-01-18 14:43,7.2,0,270,2.2,1012,26.7
133,대전,2020-01-18 14:44,7.2,0,263.1,2.5,1012,26.8
133,대전,2020-01-18 14:45,7.2,0,268.7,2,1011.9,26.5
133,대전,2020-01-18 14:46,7.3,0,259.7,2.6,1011.9,26.8
133,대전,2020-01-18 14:47,7.3,0,263.4,3.2,1011.9,26.6
133,대전,2020-01-18 14:48,7.4,0,249.6,2.8,1011.9,25.8
133,대전,2020-01-18 14:49,7.4,0,243.6,2,1012,25.6
133,대전,2020-01-18 14:50,7.4,0,263.8,2.3,1012,25.5
133,대전,2020-01-18 14:51,7.3,0,243.9,2.6,1012,25.2
133,대전,2020-01-18 14:52,7.3,0,246.8,2.6,1012,25.5
133,대전,2020-01-18 14:53,7.4,0,265.5,2.7,1012,25.5
133,대전,2020-01-18 14:54,7.5,0,236.5,1.4,1012,25.3
133,대전,2020-01-18 14:55,7.5,0,257.5,2.2,1012,25.3
133,대전,2020-01-18 14:56,7.5,0,269.2,1.2,1012,25.3
133,대전,2020-01-18 14:57,7.6,0,262,2.4,1011.9,25.1
133,대전,2020-01-18 14:58,7.7,0,247.3,2.9,1012,25.5
133,대전,2020-01-18 14:59,7.8,0,286.5,2.6,1012,26
133,대전,2020-01-18 15:00,7.8,0,274.4,1.9,1012,25.6
133,대전,2020-01-18 15:01,7.8,0,260.9,1.6,1012,25.4
133,대전,2020-01-18 15:02,7.7,0,266.6,1.4,1012,25.2
133,대전,2020-01-18 15:03,7.7,0,260.9,2.4,1012.1,25.7
133,대전,2020-01-18 15:04,7.6,0,249.3,2.1,1012.1,25.4
133,대전,2020-01-18 15:05,7.7,0,275.7,2.3,1012.1,25.4
133,대전,2020-01-18 15:06,7.7,0,262.7,1.5,1012.1,25.4
133,대전,2020-01-18 15:07,7.7,0,247,2.2,1012.1,25.6
133,대전,2020-01-18 15:08,7.7,0,263.8,2.2,1012,25.3
133,대전,2020-01-18 15:09,7.7,0,272.4,2.6,1012,24.7
133,대전,2020-01-18 15:10,7.7,0,274.5,2.5,1012.1,24.8
133,대전,2020-01-18 15:11,7.6,0,280.3,1.6,1012.1,24.7
133,대전,2020-01-18 15:12,7.6,0,284.9,1.7,1012.1,24.8
133,대전,2020-01-18 15:13,7.5,0,282.4,1.5,1012.1,25.1
133,대전,2020-01-18 15:14,7.6,0,240.8,2,1012.1,25.1
133,대전,2020-01-18 15:15,7.7,0,277.2,1.1,1012.1,25.5
133,대전,2020-01-18 15:16,7.8,0,276.4,1.7,1012.1,25
133,대전,2020-01-18 15:17,7.8,0,272.4,1.1,1012.2,25.5
133,대전,2020-01-18 15:18,7.7,0,277.9,1.5,1012.2,25
133,대전,2020-01-18 15:19,7.8,0,290.6,1,1012.2,25.9
133,대전,2020-01-18 15:20,7.8,0,245.4,2.1,1012.2,26.2
133,대전,2020-01-18 15:21,7.8,0,252.5,2.4,1012.2,25.2
133,대전,2020-01-18 15:22,7.8,0,244.9,3.2,1012.2,24.8
133,대전,2020-01-18 15:23,7.7,0,265.3,2.4,1012.2,24.4
133,대전,2020-01-18 15:24,7.7,0,253.5,1.6,1012.2,24.2
133,대전,2020-01-18 15:25,7.6,0,257.7,3.5,1012.2,24.1
133,대전,2020-01-18 15:26,7.6,0,259.8,2.7,1012.2,24.1
133,대전,2020-01-18 15:27,7.5,0,236.6,2,1012.2,23.7
133,대전,2020-01-18 15:28,7.5,0,276,1.7,1012.2,23.9
133,대전,2020-01-18 15:29,7.6,0,275.5,1.9,1012.2,24.3
133,대전,2020-01-18 15:30,7.6,0,276.6,1.5,1012.2,24.7
133,대전,2020-01-18 15:31,7.7,0,271.2,1.9,1012.1,24.7
133,대전,2020-01-18 15:32,7.7,0,272.4,2.7,1012.1,25.1
133,대전,2020-01-18 15:33,7.8,0,256.3,1.8,1012.1,25.5
133,대전,2020-01-18 15:34,7.8,0,270,2.3,1012.1,24.8
133,대전,2020-01-18 15:35,7.8,0,237.7,2.1,1012.1,25.1
133,대전,2020-01-18 15:36,7.8,0,256.6,1.6,1012.1,24.4
133,대전,2020-01-18 15:37,7.8,0,283.7,2.2,1012.1,23.8
133,대전,2020-01-18 15:38,7.7,0,295.1,2.1,1012.1,23.9
133,대전,2020-01-18 15:39,7.7,0,290.6,1.3,1012.1,24.4
133,대전,2020-01-18 15:40,7.7,0,292,1.3,1012.1,24.9
133,대전,2020-01-18 15:41,7.7,0,295.1,2.2,1012.1,24.8
133,대전,2020-01-18 15:42,7.6,0,298.2,1.2,1012,24.5
133,대전,2020-01-18 15:43,7.6,0,293.6,0.4,1012,25.2
133,대전,2020-01-18 15:44,7.6,0,259.8,2.8,1012,25.7
133,대전,2020-01-18 15:45,7.6,0,262.7,2.5,1012,25.1
133,대전,2020-01-18 15:46,7.6,0,246.8,2.3,1012,24.8
133,대전,2020-01-18 15:47,7.6,0,267.6,2.8,1012,24.8
133,대전,2020-01-18 15:48,7.6,0,255,2.6,1012,24.8
133,대전,2020-01-18 15:49,7.6,0,259.2,2.1,1012,24.5
133,대전,2020-01-18 15:50,7.5,0,245.8,2,1012,24.3
133,대전,2020-01-18 15:51,7.5,0,242.4,1.2,1012,24.7
133,대전,2020-01-18 15:52,7.5,0,254.6,1.1,1012,24.7
133,대전,2020-01-18 15:53,7.5,0,237,1.7,1012,24.9
133,대전,2020-01-18 15:54,7.5,0,266.8,2.9,1012,24.7
133,대전,2020-01-18 15:55,7.6,0,267.1,1.9,1012,25
133,대전,2020-01-18 15:56,7.6,0,258.6,2.3,1012,25.3
133,대전,2020-01-18 15:57,7.6,0,263.2,2,1011.9,25.2
133,대전,2020-01-18 15:58,7.6,0,272.1,2,1011.9,24.5
133,대전,2020-01-18 15:59,7.5,0,270.4,2.3,1011.9,24.6
133,대전,2020-01-18 16:00,7.6,0,282.4,2,1011.9,25.5
133,대전,2020-01-18 16:01,7.6,0,276.8,1.5,1011.8,25.2
133,대전,2020-01-18 16:02,7.6,0,270.6,1.3,1011.8,25.2
133,대전,2020-01-18 16:03,7.5,0,281.4,1.4,1011.8,24.7
133,대전,2020-01-18 16:04,7.5,0,275.6,0.7,1011.8,24.8
133,대전,2020-01-18 16:05,7.5,0,285.6,1,1011.8,25.3
133,대전,2020-01-18 16:06,7.6,0,264.8,1.7,1011.8,26.3
133,대전,2020-01-18 16:07,7.7,0,265.8,2.1,1011.8,26
133,대전,2020-01-18 16:08,7.6,0,258.1,1.8,1011.9,25.2
133,대전,2020-01-18 16:09,7.6,0,260.4,2.8,1011.9,25.1
133,대전,2020-01-18 16:10,7.6,0,256.2,2.4,1011.9,25.2
133,대전,2020-01-18 16:11,7.6,0,250.8,2.2,1011.9,25.1
133,대전,2020-01-18 16:12,7.5,0,262,1.7,1011.8,24.7
133,대전,2020-01-18 16:13,7.5,0,245.7,1.6,1011.8,24.8
133,대전,2020-01-18 16:14,7.4,0,257.1,1.6,1011.8,25
133,대전,2020-01-18 16:15,7.5,0,256.6,1.5,1011.8,25.4
133,대전,2020-01-18 16:16,7.5,0,256.2,1.3,1011.8,25.2
133,대전,2020-01-18 16:17,7.5,0,253.3,1.8,1011.7,24.9
133,대전,2020-01-18 16:18,7.6,0,241.3,2.1,1011.8,25
133,대전,2020-01-18 16:19,7.5,0,246.1,1.7,1011.8,24.9
133,대전,2020-01-18 16:20,7.4,0,238.9,1.2,1011.8,24.9
133,대전,2020-01-18 16:21,7.4,0,246,0.7,1011.8,24.9
133,대전,2020-01-18 16:22,7.3,0,229.4,0.7,1011.8,24.9
133,대전,2020-01-18 16:23,7.3,0,226.5,1.4,1011.9,24.9
133,대전,2020-01-18 16:24,7.4,0,246.5,1.4,1011.9,25
133,대전,2020-01-18 16:25,7.4,0,216.1,2.6,1012,25
133,대전,2020-01-18 16:26,7.3,0,239.2,2.5,1012,25.2
133,대전,2020-01-18 16:27,7.3,0,262.3,1.6,1012,25.1
133,대전,2020-01-18 16:28,7.3,0,241.9,2.2,1012,25.2
133,대전,2020-01-18 16:29,7.4,0,241.1,1.5,1012,25.4
133,대전,2020-01-18 16:30,7.3,0,236.4,1.7,1012,25.2
133,대전,2020-01-18 16:31,7.2,0,217.9,1.5,1012.1,25.1
133,대전,2020-01-18 16:32,7.2,0,201,1.6,1012.1,25.3
133,대전,2020-01-18 16:33,7.2,0,212.1,2.1,1012.1,25.7
133,대전,2020-01-18 16:34,7.2,0,227.6,2.3,1012.2,25.4
133,대전,2020-01-18 16:35,7.1,0,233.1,2,1012.2,25.4
133,대전,2020-01-18 16:36,7.1,0,239,2.2,1012.3,25.7
133,대전,2020-01-18 16:37,7.1,0,218.6,1,1012.3,25.8
133,대전,2020-01-18 16:38,7,0,210.2,1.1,1012.3,25.6
133,대전,2020-01-18 16:39,6.9,0,225.6,1.2,1012.4,25.4
133,대전,2020-01-18 16:40,6.9,0,223.5,1.4,1012.4,25.5
133,대전,2020-01-18 16:41,6.8,0,252.3,2.2,1012.4,25.4
133,대전,2020-01-18 16:42,6.8,0,257.3,1.9,1012.4,25.7
133,대전,2020-01-18 16:43,6.7,0,247,2.4,1012.4,26.4
133,대전,2020-01-18 16:44,6.7,0,229.4,2.9,1012.4,26.4
133,대전,2020-01-18 16:45,6.6,0,241,2.5,1012.4,26
133,대전,2020-01-18 16:46,6.6,0,260.8,2,1012.4,25.7
133,대전,2020-01-18 16:47,6.6,0,261,3.1,1012.4,25.8
133,대전,2020-01-18 16:48,6.5,0,268.6,2.6,1012.4,26.3
133,대전,2020-01-18 16:49,6.5,0,264.2,2.8,1012.4,26.7
133,대전,2020-01-18 16:50,6.4,0,260.5,2.4,1012.4,26.5
133,대전,2020-01-18 16:51,6.3,0,277,1.7,1012.4,27
133,대전,2020-01-18 16:52,6.3,0,270.9,1.9,1012.5,27.1
133,대전,2020-01-18 16:53,6.3,0,264.9,1.7,1012.5,27.3
133,대전,2020-01-18 16:54,6.2,0,279.6,1,1012.5,27.5
133,대전,2020-01-18 16:55,6.2,0,289.7,0.7,1012.5,27.8
133,대전,2020-01-18 16:56,6.2,0,269.7,1.6,1012.6,27.7
133,대전,2020-01-18 16:57,6.2,0,255.3,1.9,1012.6,27.7
133,대전,2020-01-18 16:58,6.2,0,248.8,1.9,1012.6,27.7
133,대전,2020-01-18 16:59,6.2,0,250.3,2.2,1012.6,27.5
133,대전,2020-01-18 17:00,6.1,0,258.8,2.1,1012.6,27.7
133,대전,2020-01-18 17:01,6.1,0,245.9,2.3,1012.7,28
133,대전,2020-01-18 17:02,6,0,243.6,2.1,1012.7,28
133,대전,2020-01-18 17:03,6,0,249.7,1.8,1012.7,28.1
133,대전,2020-01-18 17:04,6,0,270.7,1.6,1012.7,28.2
133,대전,2020-01-18 17:05,5.9,0,253.9,2.2,1012.8,28.6
133,대전,2020-01-18 17:06,5.9,0,256.9,2.9,1012.8,28.5
133,대전,2020-01-18 17:07,5.9,0,258,1.8,1012.8,28.6
133,대전,2020-01-18 17:08,5.8,0,241.4,2.5,1012.8,28.8
133,대전,2020-01-18 17:09,5.8,0,258.4,2.1,1012.8,28.7
133,대전,2020-01-18 17:10,5.8,0,256.7,2.3,1012.8,28.8
133,대전,2020-01-18 17:11,5.7,0,249.6,2.5,1012.8,29.1
133,대전,2020-01-18 17:12,5.7,0,257.4,2,1012.8,29.1
133,대전,2020-01-18 17:13,5.7,0,259.5,1.9,1012.8,29.2
133,대전,2020-01-18 17:14,5.7,0,259.5,1.8,1012.8,29.2
133,대전,2020-01-18 17:15,5.6,0,270,1.6,1012.8,29.4
133,대전,2020-01-18 17:16,5.6,0,260.5,1.6,1012.8,29.7
133,대전,2020-01-18 17:17,5.6,0,265.5,1.9,1012.8,29.9
133,대전,2020-01-18 17:18,5.5,0,262.5,1.5,1012.8,30.2
133,대전,2020-01-18 17:19,5.5,0,248.9,2.2,1012.8,30.1
133,대전,2020-01-18 17:20,5.5,0,266.1,1.9,1012.8,30.2
133,대전,2020-01-18 17:21,5.4,0,262.6,1.4,1012.8,30.3
133,대전,2020-01-18 17:22,5.4,0,264.8,1.6,1012.8,30.9
133,대전,2020-01-18 17:23,5.3,0,275.8,1,1012.8,31.1
133,대전,2020-01-18 17:24,5.2,0,258.7,1.6,1012.8,31.1
133,대전,2020-01-18 17:25,5.2,0,262.7,1.6,1012.8,31.3
133,대전,2020-01-18 17:26,5.1,0,273.9,0.8,1012.9,31.3
133,대전,2020-01-18 17:27,5.1,0,269.8,1.1,1012.9,31.4
133,대전,2020-01-18 17:28,5.1,0,271.4,1.2,1012.9,31.3
133,대전,2020-01-18 17:29,5,0,262.8,1,1012.9,31.3
133,대전,2020-01-18 17:30,5,0,256,1.5,1012.9,31.2
133,대전,2020-01-18 17:31,5,0,268.6,1.2,1012.8,31.1
133,대전,2020-01-18 17:32,5,0,252.9,0.9,1012.8,31
133,대전,2020-01-18 17:33,4.9,0,274.8,1.2,1012.8,31.5
133,대전,2020-01-18 17:34,4.9,0,270.1,1,1012.8,32.1
133,대전,2020-01-18 17:35,4.8,0,277.1,0.9,1012.8,32.1
133,대전,2020-01-18 17:36,4.8,0,277.8,1,1012.8,32
133,대전,2020-01-18 17:37,4.8,0,275.6,0.9,1012.8,31.9
133,대전,2020-01-18 17:38,4.8,0,291.9,0.7,1012.8,31.8
133,대전,2020-01-18 17:39,4.7,0,278,1.7,1012.9,32.1
133,대전,2020-01-18 17:40,4.7,0,269.4,1.4,1012.9,32.4
133,대전,2020-01-18 17:41,4.6,0,275.5,1.5,1012.9,32.5
133,대전,2020-01-18 17:42,4.6,0,267.9,1.4,1012.9,32.8
133,대전,2020-01-18 17:43,4.5,0,274.3,2.2,1012.9,32.5
133,대전,2020-01-18 17:44,4.5,0,238.3,1.3,1012.9,32.4
133,대전,2020-01-18 17:45,4.5,0,266.3,1.3,1012.9,32.5
133,대전,2020-01-18 17:46,4.4,0,263.4,1.2,1012.9,32.4
133,대전,2020-01-18 17:47,4.4,0,271.7,1.2,1013,32.4
133,대전,2020-01-18 17:48,4.3,0,275.2,1.2,1013,32.4
133,대전,2020-01-18 17:49,4.3,0,272.9,0.7,1013,32.3
133,대전,2020-01-18 17:50,4.3,0,263.6,1,1013,32.6
133,대전,2020-01-18 17:51,4.2,0,259.4,1,1013.1,32.7
133,대전,2020-01-18 17:52,4.2,0,271.4,0.8,1013.1,32.7
133,대전,2020-01-18 17:53,4.2,0,256.3,0.9,1013.1,32.8
133,대전,2020-01-18 17:54,4.2,0,266.9,1.4,1013.1,33
133,대전,2020-01-18 17:55,4.1,0,274.3,1,1013.1,33.2
133,대전,2020-01-18 17:56,4,0,268.1,1.2,1013.1,33.4
133,대전,2020-01-18 17:57,4,0,257.9,1,1013.1,33.9
133,대전,2020-01-18 17:58,4,0,274.5,1.2,1013.1,33.8
133,대전,2020-01-18 17:59,3.9,0,278.2,1.2,1013.1,33.7
133,대전,2020-01-18 18:00,3.9,0,279.8,1.3,1013.1,33.8
133,대전,2020-01-18 18:01,3.9,0,272.1,1.2,1013.1,34.1
133,대전,2020-01-18 18:02,3.9,0,269.7,1.1,1013.1,34.1
133,대전,2020-01-18 18:03,3.9,0,267.4,1.2,1013.1,34.2
133,대전,2020-01-18 18:04,3.9,0,262.3,1.2,1013.1,34.3
133,대전,2020-01-18 18:05,3.8,0,263,1.1,1013.1,34.4
133,대전,2020-01-18 18:06,3.8,0,274.1,1.1,1013.1,34.4
133,대전,2020-01-18 18:07,3.8,0,267.9,1.3,1013.1,34.3
133,대전,2020-01-18 18:08,3.8,0,269.4,1.1,1013.1,34.4
133,대전,2020-01-18 18:09,3.8,0,269.6,1.6,1013.1,34.5
133,대전,2020-01-18 18:10,3.8,0,262.6,1.3,1013.1,34.7
133,대전,2020-01-18 18:11,3.7,0,276.6,1.2,1013.2,34.7
133,대전,2020-01-18 18:12,3.7,0,271.8,1.1,1013.2,34.9
133,대전,2020-01-18 18:13,3.7,0,261.2,1.2,1013.2,35.1
133,대전,2020-01-18 18:14,3.7,0,265.5,1.6,1013.2,35.1
133,대전,2020-01-18 18:15,3.6,0,267.7,1.2,1013.2,35.1
133,대전,2020-01-18 18:16,3.6,0,267.1,1.2,1013.2,35.2
133,대전,2020-01-18 18:17,3.6,0,266.2,1.4,1013.2,35.4
133,대전,2020-01-18 18:18,3.6,0,263.6,1.2,1013.2,35.5
133,대전,2020-01-18 18:19,3.5,0,265.1,1.2,1013.3,35.5
133,대전,2020-01-18 18:20,3.5,0,273.2,1.3,1013.3,35.6
133,대전,2020-01-18 18:21,3.5,0,264.8,1.1,1013.3,35.7
133,대전,2020-01-18 18:22,3.5,0,260.3,1.1,1013.3,35.7
133,대전,2020-01-18 18:23,3.4,0,262.5,1.1,1013.3,35.9
133,대전,2020-01-18 18:24,3.4,0,264.4,1.1,1013.3,36.1
133,대전,2020-01-18 18:25,3.3,0,259.6,1.5,1013.4,36.5
133,대전,2020-01-18 18:26,3.3,0,256.5,1.3,1013.4,36.8
133,대전,2020-01-18 18:27,3.2,0,258.8,1.1,1013.4,36.9
133,대전,2020-01-18 18:28,3.2,0,270.8,0.8,1013.4,36.8
133,대전,2020-01-18 18:29,3.1,0,269.6,0.4,1013.3,36.8
133,대전,2020-01-18 18:30,3.1,0,268.5,0.4,1013.3,36.9
133,대전,2020-01-18 18:31,3.1,0,287.7,0.2,1013.4,37.1
133,대전,2020-01-18 18:32,3,0,6.9,0.2,1013.4,37.1
133,대전,2020-01-18 18:33,3,0,120.8,0.4,1013.4,37.2
133,대전,2020-01-18 18:34,3,0,77.6,0.5,1013.4,37.2
133,대전,2020-01-18 18:35,2.9,0,75.2,0.4,1013.4,37.4
133,대전,2020-01-18 18:36,2.9,0,180.3,0.9,1013.4,37.8
133,대전,2020-01-18 18:37,2.8,0,162.9,1,1013.4,38
133,대전,2020-01-18 18:38,2.8,0,201.7,1.2,1013.4,37.8
133,대전,2020-01-18 18:39,2.9,0,171.3,1.4,1013.4,37.7
133,대전,2020-01-18 18:40,2.9,0,171.2,1,1013.4,37.5
133,대전,2020-01-18 18:41,3,0,168.2,1.2,1013.4,37.6
133,대전,2020-01-18 18:42,3,0,166.8,1.3,1013.4,37.6
133,대전,2020-01-18 18:43,3,0,167.4,1.2,1013.4,37.6
133,대전,2020-01-18 18:44,3,0,165.4,1,1013.4,37.6
133,대전,2020-01-18 18:45,3,0,168.9,0.9,1013.5,37.7
133,대전,2020-01-18 18:46,3,0,38.7,0.4,1013.5,37.7
133,대전,2020-01-18 18:47,3,0,108.6,0.6,1013.5,37.9
133,대전,2020-01-18 18:48,3,0,301.8,0.1,1013.5,38.2
133,대전,2020-01-18 18:49,3,0,10.3,0.2,1013.4,38.4
133,대전,2020-01-18 18:50,3,0,4.5,0.2,1013.4,38.3
133,대전,2020-01-18 18:51,3,0,0,0.1,1013.4,38.1
133,대전,2020-01-18 18:52,3,0,66.9,0.1,1013.4,38.2
133,대전,2020-01-18 18:53,2.9,0,0,0,1013.4,38.3
133,대전,2020-01-18 18:54,2.9,0,276.3,0.1,1013.4,38.4
133,대전,2020-01-18 18:55,2.9,0,247.6,0.7,1013.4,38.5
133,대전,2020-01-18 18:56,2.9,0,239.5,0.9,1013.4,38.4
133,대전,2020-01-18 18:57,2.9,0,261.1,0.7,1013.5,38
133,대전,2020-01-18 18:58,2.9,0,239,0.9,1013.5,37.7
133,대전,2020-01-18 18:59,2.9,0,203.8,0.9,1013.5,37.8
133,대전,2020-01-18 19:00,2.9,0,142.9,0.2,1013.5,37.8
133,대전,2020-01-18 19:01,2.9,0,259.9,0.8,1013.5,37.8
133,대전,2020-01-18 19:02,2.9,0,240.3,1.2,1013.5,37.8
133,대전,2020-01-18 19:03,2.9,0,243.6,1.1,1013.5,38.2
133,대전,2020-01-18 19:04,2.8,0,265.5,0.9,1013.5,38.4
133,대전,2020-01-18 19:05,2.8,0,260.4,1.1,1013.5,38.7
133,대전,2020-01-18 19:06,2.8,0,269.7,0.8,1013.5,38.8
133,대전,2020-01-18 19:07,2.7,0,269.9,1,1013.5,39.1
133,대전,2020-01-18 19:08,2.7,0,257.4,1,1013.5,39.5
133,대전,2020-01-18 19:09,2.7,0,265.4,0.8,1013.5,39.6
133,대전,2020-01-18 19:10,2.6,0,257.3,1,1013.5,39.8
133,대전,2020-01-18 19:11,2.6,0,261.2,1,1013.5,40.1
133,대전,2020-01-18 19:12,2.5,0,253.7,1.2,1013.5,40.4
133,대전,2020-01-18 19:13,2.5,0,253.5,1.3,1013.5,40.4
133,대전,2020-01-18 19:14,2.5,0,247.6,1.1,1013.5,40.5
133,대전,2020-01-18 19:15,2.4,0,243.5,1.3,1013.5,40.6
133,대전,2020-01-18 19:16,2.4,0,251.6,1.3,1013.4,40.7
133,대전,2020-01-18 19:17,2.4,0,259.7,1.3,1013.4,40.8
133,대전,2020-01-18 19:18,2.3,0,267,1.3,1013.4,40.8
133,대전,2020-01-18 19:19,2.3,0,277.1,1.1,1013.4,41
133,대전,2020-01-18 19:20,2.3,0,276.3,1.1,1013.4,41
133,대전,2020-01-18 19:21,2.2,0,279.5,1.1,1013.4,41.1
133,대전,2020-01-18 19:22,2.2,0,278.1,1.2,1013.4,41
133,대전,2020-01-18 19:23,2.1,0,279.3,1.1,1013.4,41.1
133,대전,2020-01-18 19:24,2.1,0,278.7,1,1013.4,41.4
133,대전,2020-01-18 19:25,2.1,0,283,1,1013.4,41.6
133,대전,2020-01-18 19:26,2,0,278.7,0.9,1013.4,41.9
133,대전,2020-01-18 19:27,2,0,278.9,1.2,1013.4,42.1
133,대전,2020-01-18 19:28,2,0,281.1,1.1,1013.4,42.4
133,대전,2020-01-18 19:29,1.9,0,293.1,0.6,1013.4,42.6
133,대전,2020-01-18 19:30,1.9,0,292.7,0.6,1013.4,42.8
133,대전,2020-01-18 19:31,1.9,0,296.6,0.9,1013.3,42.9
133,대전,2020-01-18 19:32,1.9,0,298.3,1,1013.3,42.8
133,대전,2020-01-18 19:33,1.9,0,294.5,0.7,1013.3,42.6
133,대전,2020-01-18 19:34,1.9,0,300.8,0.6,1013.3,42.5
133,대전,2020-01-18 19:35,1.9,0,305.9,0.7,1013.3,42.5
133,대전,2020-01-18 19:36,1.9,0,325.2,0.8,1013.3,42.7
133,대전,2020-01-18 19:37,1.9,0,331.1,1.1,1013.2,42.7
133,대전,2020-01-18 19:38,1.9,0,325.9,1.1,1013.2,42.9
133,대전,2020-01-18 19:39,1.8,0,308.1,1.2,1013.2,43.1
133,대전,2020-01-18 19:40,1.8,0,314,1.3,1013.2,42.9
133,대전,2020-01-18 19:41,1.8,0,323.6,1,1013.2,42.5
133,대전,2020-01-18 19:42,1.8,0,322.9,1.1,1013.1,42.7
133,대전,2020-01-18 19:43,1.7,0,329.1,1,1013.2,42.5
133,대전,2020-01-18 19:44,1.7,0,327.6,0.7,1013.2,42.6
133,대전,2020-01-18 19:45,1.7,0,353.3,0.9,1013.2,42.7
133,대전,2020-01-18 19:46,1.7,0,355,0.8,1013.2,42.8
133,대전,2020-01-18 19:47,1.7,0,352.8,0.7,1013.3,42.9
133,대전,2020-01-18 19:48,1.6,0,20.3,0.4,1013.3,42.9
133,대전,2020-01-18 19:49,1.6,0,82.5,0.2,1013.3,42.7
133,대전,2020-01-18 19:50,1.6,0,8.5,0.2,1013.3,42.8
133,대전,2020-01-18 19:51,1.6,0,357.5,0.3,1013.3,42.7
133,대전,2020-01-18 19:52,1.5,0,11,0.7,1013.3,42.9
133,대전,2020-01-18 19:53,1.5,0,340.3,0.4,1013.3,43
133,대전,2020-01-18 19:54,1.5,0,353.7,0.8,1013.3,42.9
133,대전,2020-01-18 19:55,1.4,0,21.2,0.3,1013.3,43
133,대전,2020-01-18 19:56,1.4,0,329.8,0.9,1013.3,43.3
133,대전,2020-01-18 19:57,1.4,0,324.7,0.5,1013.3,43.4
133,대전,2020-01-18 19:58,1.4,0,321,0.5,1013.3,43.6
133,대전,2020-01-18 19:59,1.4,0,304,0.9,1013.3,43.6
133,대전,2020-01-18 20:00,1.4,0,314.6,0.9,1013.3,43.8
133,대전,2020-01-18 20:01,1.4,0,315,0.9,1013.2,43.8
133,대전,2020-01-18 20:02,1.4,0,280.8,0.7,1013.2,43.8
133,대전,2020-01-18 20:03,1.4,0,311.9,0.3,1013.2,43.8
133,대전,2020-01-18 20:04,1.4,0,299,0.6,1013.2,43.9
133,대전,2020-01-18 20:05,1.4,0,297.7,0.6,1013.3,43.9
133,대전,2020-01-18 20:06,1.4,0,291,0.7,1013.3,43.9
133,대전,2020-01-18 20:07,1.4,0,293.7,0.6,1013.3,44
133,대전,2020-01-18 20:08,1.3,0,301.3,0.8,1013.3,43.9
133,대전,2020-01-18 20:09,1.3,0,311.2,0.7,1013.4,44
133,대전,2020-01-18 20:10,1.3,0,281,0.8,1013.4,44.2
133,대전,2020-01-18 20:11,1.3,0,284.6,0.5,1013.4,44.4
133,대전,2020-01-18 20:12,1.2,0,296,0.7,1013.4,44.6
133,대전,2020-01-18 20:13,1.2,0,305.9,1,1013.4,44.8
133,대전,2020-01-18 20:14,1.2,0,306.8,1.3,1013.4,44.8
133,대전,2020-01-18 20:15,1.2,0,271.1,1.1,1013.4,44.9
133,대전,2020-01-18 20:16,1.1,0,325.9,0.8,1013.4,45.1
133,대전,2020-01-18 20:17,1.1,0,299,0.7,1013.5,45.4
133,대전,2020-01-18 20:18,1.1,0,289.3,0.6,1013.5,45.4
133,대전,2020-01-18 20:19,1.1,0,279.6,1.3,1013.5,45.5
133,대전,2020-01-18 20:20,1.1,0,305.3,1.3,1013.5,45.5
133,대전,2020-01-18 20:21,1.1,0,304.4,1,1013.6,45.6
133,대전,2020-01-18 20:22,1.1,0,287.6,0.9,1013.6,45.7
133,대전,2020-01-18 20:23,1.1,0,301,0.6,1013.6,45.8
133,대전,2020-01-18 20:24,1.1,0,324.9,1.2,1013.6,45.9
133,대전,2020-01-18 20:25,1.1,0,299.5,0.6,1013.6,46
133,대전,2020-01-18 20:26,1.1,0,313.1,0.8,1013.6,46.2
133,대전,2020-01-18 20:27,1.1,0,299,0.7,1013.6,46.2
133,대전,2020-01-18 20:28,1.1,0,303.9,0.7,1013.6,46.2
133,대전,2020-01-18 20:29,1.1,0,288.6,0.7,1013.6,46.3
133,대전,2020-01-18 20:30,1.1,0,275.2,0.7,1013.6,46.4
133,대전,2020-01-18 20:31,1.1,0,289.4,0.7,1013.6,46.3
133,대전,2020-01-18 20:32,1.1,0,290.5,0.8,1013.6,46.4
133,대전,2020-01-18 20:33,1.1,0,286.8,0.6,1013.6,46.5
133,대전,2020-01-18 20:34,1.1,0,274.3,0.7,1013.6,46.5
133,대전,2020-01-18 20:35,1.1,0,290.6,0.8,1013.5,46.6
133,대전,2020-01-18 20:36,1.1,0,273,1,1013.5,46.7
133,대전,2020-01-18 20:37,1.1,0,280.7,1,1013.5,46.8
133,대전,2020-01-18 20:38,1.1,0,279.5,0.9,1013.5,46.9
133,대전,2020-01-18 20:39,1.1,0,289.5,1,1013.5,47
133,대전,2020-01-18 20:40,1,0,271,1.1,1013.5,47.2
133,대전,2020-01-18 20:41,1,0,259,1.2,1013.5,47.4
133,대전,2020-01-18 20:42,1,0,271,1.1,1013.6,47.5
133,대전,2020-01-18 20:43,1,0,273.7,1.2,1013.6,47.7
133,대전,2020-01-18 20:44,1,0,268.6,0.9,1013.6,48
133,대전,2020-01-18 20:45,0.9,0,274.6,0.9,1013.5,48.1
133,대전,2020-01-18 20:46,0.9,0,270.6,1.1,1013.5,48.2
133,대전,2020-01-18 20:47,0.9,0,263.7,1.1,1013.5,48.4
133,대전,2020-01-18 20:48,0.9,0,266.3,1.2,1013.5,48.6
133,대전,2020-01-18 20:49,0.9,0,288.5,1,1013.5,48.9
133,대전,2020-01-18 20:50,0.9,0,289.7,1,1013.4,48.9
133,대전,2020-01-18 20:51,0.9,0,281.5,0.9,1013.4,48.9
133,대전,2020-01-18 20:52,0.8,0,295,1.2,1013.4,48.8
133,대전,2020-01-18 20:53,0.8,0,280.7,1.1,1013.5,49
133,대전,2020-01-18 20:54,0.8,0,253,1.1,1013.5,49
133,대전,2020-01-18 20:55,0.8,0,268.6,0.9,1013.5,49.1
133,대전,2020-01-18 20:56,0.8,0,282.3,1,1013.5,49
133,대전,2020-01-18 20:57,0.8,0,278.9,0.8,1013.5,49.2
133,대전,2020-01-18 20:58,0.8,0,295.5,0.8,1013.5,49.2
133,대전,2020-01-18 20:59,0.8,0,278.4,0.7,1013.5,49.3
133,대전,2020-01-18 21:00,0.8,0,288.1,0.6,1013.5,49.6
133,대전,2020-01-18 21:01,0.8,0,309.6,0.8,1013.5,49.8
133,대전,2020-01-18 21:02,0.7,0,316.7,1,1013.5,49.8
133,대전,2020-01-18 21:03,0.7,0,314.5,1.2,1013.5,49.9
133,대전,2020-01-18 21:04,0.7,0,300.5,0.9,1013.5,50.1
133,대전,2020-01-18 21:05,0.7,0,298.7,0.9,1013.5,50.3
133,대전,2020-01-18 21:06,0.6,0,281.4,0.8,1013.5,50.3
133,대전,2020-01-18 21:07,0.6,0,306.2,0.8,1013.5,50.4
133,대전,2020-01-18 21:08,0.7,0,313.6,1.2,1013.5,50.6
133,대전,2020-01-18 21:09,0.7,0,312.1,0.9,1013.6,50.5
133,대전,2020-01-18 21:10,0.6,0,307.5,0.8,1013.6,50.6
133,대전,2020-01-18 21:11,0.6,0,309.4,1,1013.6,50.7
133,대전,2020-01-18 21:12,0.6,0,298.8,0.9,1013.6,50.9
133,대전,2020-01-18 21:13,0.6,0,290.2,0.8,1013.6,50.8
133,대전,2020-01-18 21:14,0.7,0,292.9,0.8,1013.6,50.8
133,대전,2020-01-18 21:15,0.7,0,289.1,0.8,1013.6,50.8
133,대전,2020-01-18 21:16,0.7,0,289.5,0.9,1013.6,50.8
133,대전,2020-01-18 21:17,0.7,0,278.9,0.8,1013.6,50.7
133,대전,2020-01-18 21:18,0.7,0,272.5,0.8,1013.6,50.6
133,대전,2020-01-18 21:19,0.7,0,254.9,0.9,1013.6,50.6
133,대전,2020-01-18 21:20,0.7,0,266.1,0.8,1013.6,50.7
133,대전,2020-01-18 21:21,0.7,0,268.6,0.9,1013.6,50.7
133,대전,2020-01-18 21:22,0.7,0,274,1.2,1013.6,50.8
133,대전,2020-01-18 21:23,0.7,0,265.4,0.9,1013.6,51
133,대전,2020-01-18 21:24,0.7,0,243.1,1,1013.6,51.3
133,대전,2020-01-18 21:25,0.6,0,267.1,0.9,1013.6,51.6
133,대전,2020-01-18 21:26,0.5,0,268.4,1,1013.6,51.7
133,대전,2020-01-18 21:27,0.5,0,268.4,1.2,1013.6,51.7
133,대전,2020-01-18 21:28,0.5,0,268,1.1,1013.6,51.9
133,대전,2020-01-18 21:29,0.5,0,264.9,1.2,1013.5,52.1
133,대전,2020-01-18 21:30,0.4,0,269.9,1.2,1013.5,52.2
133,대전,2020-01-18 21:31,0.4,0,284.5,1.3,1013.5,52.3
133,대전,2020-01-18 21:32,0.4,0,275.9,1,1013.5,52.2
133,대전,2020-01-18 21:33,0.4,0,256.1,1,1013.5,52.4
133,대전,2020-01-18 21:34,0.4,0,281.4,1.1,1013.5,52.7
133,대전,2020-01-18 21:35,0.4,0,291.3,1.1,1013.4,52.6
133,대전,2020-01-18 21:36,0.4,0,298.4,1.1,1013.4,52.4
133,대전,2020-01-18 21:37,0.3,0,309.7,1,1013.4,52.4
133,대전,2020-01-18 21:38,0.3,0,305.2,0.3,1013.4,52.6
133,대전,2020-01-18 21:39,0.3,0,254.6,0.4,1013.5,52.7
133,대전,2020-01-18 21:40,0.2,0,318,0.8,1013.5,52.9
133,대전,2020-01-18 21:41,0.2,0,316.4,0.9,1013.5,52.9
133,대전,2020-01-18 21:42,0.2,0,294.9,0.6,1013.5,52.9
133,대전,2020-01-18 21:43,0.2,0,306.3,0.5,1013.5,52.6
133,대전,2020-01-18 21:44,0.1,0,297.1,0.7,1013.5,52.6
133,대전,2020-01-18 21:45,0.1,0,276.6,0.4,1013.5,52.4
133,대전,2020-01-18 21:46,0.1,0,269.4,0.8,1013.6,52.5
133,대전,2020-01-18 21:47,0.1,0,260,0.9,1013.6,52.9
133,대전,2020-01-18 21:48,0.1,0,264.8,0.7,1013.6,53.1
133,대전,2020-01-18 21:49,0.1,0,244.4,0.9,1013.6,53.1
133,대전,2020-01-18 21:50,0.1,0,236.7,1,1013.6,53.2
133,대전,2020-01-18 21:51,0.1,0,237.7,1,1013.6,53.4
133,대전,2020-01-18 21:52,0,0,228.9,1.2,1013.7,53.6
133,대전,2020-01-18 21:53,-0.1,0,235.4,1.3,1013.7,54
133,대전,2020-01-18 21:54,-0.1,0,231.1,1.2,1013.7,54.3
133,대전,2020-01-18 21:55,-0.2,0,235.3,1.2,1013.7,54.7
133,대전,2020-01-18 21:56,-0.2,0,234.5,1.3,1013.7,54.9
133,대전,2020-01-18 21:57,-0.2,0,228,1.4,1013.8,55.1
133,대전,2020-01-18 21:58,-0.2,0,228.9,1.5,1013.8,55.1
133,대전,2020-01-18 21:59,-0.3,0,227.5,1.4,1013.8,55.3
133,대전,2020-01-18 22:00,-0.3,0,230,1.2,1013.9,55.4
133,대전,2020-01-18 22:01,-0.3,0,237.1,1.4,1013.9,55.5
133,대전,2020-01-18 22:02,-0.3,0,235.8,1.3,1013.9,55.7
133,대전,2020-01-18 22:03,-0.4,0,237,1.3,1013.9,55.8
133,대전,2020-01-18 22:04,-0.4,0,235.5,1.2,1013.9,55.9
133,대전,2020-01-18 22:05,-0.4,0,239.2,1.2,1014,56
133,대전,2020-01-18 22:06,-0.5,0,237,1.3,1014,56.1
133,대전,2020-01-18 22:07,-0.5,0,236.1,1.2,1014,56.4
133,대전,2020-01-18 22:08,-0.5,0,234.4,1.3,1014,56.6
133,대전,2020-01-18 22:09,-0.6,0,239,1.2,1013.9,56.7
133,대전,2020-01-18 22:10,-0.6,0,248.5,1.1,1013.9,57
133,대전,2020-01-18 22:11,-0.6,0,234.4,1.1,1013.9,57
133,대전,2020-01-18 22:12,-0.7,0,246.4,1.1,1013.8,57.2
133,대전,2020-01-18 22:13,-0.7,0,242.7,1.2,1013.8,57.4
133,대전,2020-01-18 22:14,-0.7,0,237.9,1.1,1013.8,57.6
133,대전,2020-01-18 22:15,-0.7,0,228.5,1.2,1013.8,57.6
133,대전,2020-01-18 22:16,-0.8,0,225.7,1.3,1013.8,57.7
133,대전,2020-01-18 22:17,-0.8,0,231.7,1,1013.7,57.7
133,대전,2020-01-18 22:18,-0.8,0,251.9,0.7,1013.7,57.8
133,대전,2020-01-18 22:19,-0.8,0,240.9,0.9,1013.7,57.8
133,대전,2020-01-18 22:20,-0.8,0,226.9,0.5,1013.6,57.6
133,대전,2020-01-18 22:21,-0.8,0,304.1,0.1,1013.6,57.5
133,대전,2020-01-18 22:22,-0.9,0,141.8,0.3,1013.6,57.5
133,대전,2020-01-18 22:23,-0.9,0,90.1,0.2,1013.6,57.5
133,대전,2020-01-18 22:24,-0.9,0,172,0.3,1013.6,57.8
133,대전,2020-01-18 22:25,-0.9,0,158.6,0.2,1013.6,57.9
133,대전,2020-01-18 22:26,-0.9,0,78,0.2,1013.5,57.9
133,대전,2020-01-18 22:27,-0.9,0,181.2,0.6,1013.5,57.9
133,대전,2020-01-18 22:28,-0.9,0,273.8,0.1,1013.5,58
133,대전,2020-01-18 22:29,-0.9,0,224.6,0.2,1013.5,58.2
133,대전,2020-01-18 22:30,-0.9,0,27.1,0.2,1013.5,58.3
133,대전,2020-01-18 22:31,-0.9,0,21,0.1,1013.5,58.2
133,대전,2020-01-18 22:32,-0.9,0,0,0,1013.4,58.2
133,대전,2020-01-18 22:33,-0.9,0,0,0,1013.4,58.2
133,대전,2020-01-18 22:34,-0.9,0,0,0,1013.4,58.4
133,대전,2020-01-18 22:35,-0.9,0,0,0,1013.4,58.5
133,대전,2020-01-18 22:36,-0.9,0,257.3,0.3,1013.4,58.4
133,대전,2020-01-18 22:37,-0.9,0,223.2,1.1,1013.4,58.3
133,대전,2020-01-18 22:38,-0.9,0,214.6,0.9,1013.4,58.2
133,대전,2020-01-18 22:39,-0.9,0,207,0.7,1013.4,58.2
133,대전,2020-01-18 22:40,-0.9,0,228,0.8,1013.4,58.2
133,대전,2020-01-18 22:41,-0.9,0,218.3,1.2,1013.5,58.2
133,대전,2020-01-18 22:42,-0.9,0,178.4,0.8,1013.5,58.3
133,대전,2020-01-18 22:43,-0.9,0,184.1,0.5,1013.5,58.5
133,대전,2020-01-18 22:44,-0.9,0,167.2,0.7,1013.5,58.6
133,대전,2020-01-18 22:45,-0.9,0,191.2,0.9,1013.5,58.6
133,대전,2020-01-18 22:46,-0.9,0,221.4,1.1,1013.5,58.6
133,대전,2020-01-18 22:47,-0.9,0,184.4,0.9,1013.5,58.6
133,대전,2020-01-18 22:48,-0.9,0,123.2,0.7,1013.5,58.6
133,대전,2020-01-18 22:49,-0.9,0,89.6,0.6,1013.5,58.7
133,대전,2020-01-18 22:50,-0.9,0,0,0.1,1013.5,58.8
133,대전,2020-01-18 22:51,-0.9,0,115.4,0.3,1013.5,58.7
133,대전,2020-01-18 22:52,-0.9,0,92.9,0.3,1013.5,59
133,대전,2020-01-18 22:53,-0.9,0,143.1,0.3,1013.5,59.3
133,대전,2020-01-18 22:54,-1,0,224.2,0.9,1013.6,59.4
133,대전,2020-01-18 22:55,-1,0,228.6,1.2,1013.6,59.7
133,대전,2020-01-18 22:56,-1,0,222.3,1.3,1013.6,60.1
133,대전,2020-01-18 22:57,-1,0,219,1.3,1013.6,60.4
133,대전,2020-01-18 22:58,-1,0,227.8,1.4,1013.6,60.6
133,대전,2020-01-18 22:59,-1,0,232.7,1.6,1013.6,60.6
133,대전,2020-01-18 23:00,-1,0,232.5,1.7,1013.6,60.7
133,대전,2020-01-18 23:01,-1,0,230.4,1.5,1013.6,60.9
133,대전,2020-01-18 23:02,-1,0,224.9,1.5,1013.6,61
133,대전,2020-01-18 23:03,-1,0,211.4,1.4,1013.6,60.9
133,대전,2020-01-18 23:04,-1.1,0,208.1,1.1,1013.6,60.9
133,대전,2020-01-18 23:05,-1.1,0,212.2,1.4,1013.5,60.9
133,대전,2020-01-18 23:06,-1.1,0,216.6,1.1,1013.5,61
133,대전,2020-01-18 23:07,-1.1,0,231.8,0.6,1013.5,61.1
133,대전,2020-01-18 23:08,-1.2,0,132.5,0.4,1013.6,61.2
133,대전,2020-01-18 23:09,-1.2,0,339.9,0.2,1013.6,61.1
133,대전,2020-01-18 23:10,-1.2,0,1.5,0.2,1013.6,61
133,대전,2020-01-18 23:11,-1.2,0,28.1,0.3,1013.6,60.8
133,대전,2020-01-18 23:12,-1.2,0,252,0.5,1013.6,60.7
133,대전,2020-01-18 23:13,-1.2,0,12.4,0.3,1013.6,60.8
133,대전,2020-01-18 23:14,-1.2,0,21.5,0.3,1013.6,61.1
133,대전,2020-01-18 23:15,-1.3,0,338.8,0.2,1013.6,61.4
133,대전,2020-01-18 23:16,-1.3,0,0,0,1013.6,61.5
133,대전,2020-01-18 23:17,-1.3,0,0,0,1013.6,61.4
133,대전,2020-01-18 23:18,-1.4,0,94,0.4,1013.6,61.4
133,대전,2020-01-18 23:19,-1.4,0,77.8,0.7,1013.7,61.4
133,대전,2020-01-18 23:20,-1.4,0,111.6,0.6,1013.7,61.3
133,대전,2020-01-18 23:21,-1.4,0,171.8,0.6,1013.7,61.3
133,대전,2020-01-18 23:22,-1.4,0,268.3,0.3,1013.6,61.7
133,대전,2020-01-18 23:23,-1.4,0,63.5,0.3,1013.6,61.8
133,대전,2020-01-18 23:24,-1.5,0,17.7,0.2,1013.6,61.9
133,대전,2020-01-18 23:25,-1.5,0,0,0,1013.6,61.8
133,대전,2020-01-18 23:26,-1.5,0,0,0,1013.6,61.9
133,대전,2020-01-18 23:27,-1.5,0,0,0,1013.6,62.1
133,대전,2020-01-18 23:28,-1.5,0,0,0,1013.6,62.3
133,대전,2020-01-18 23:29,-1.6,0,0,0,1013.5,62.4
133,대전,2020-01-18 23:30,-1.6,0,0,0,1013.5,62.6
133,대전,2020-01-18 23:31,-1.6,0,0,0,1013.5,62.9
133,대전,2020-01-18 23:32,-1.6,0,0,0,1013.5,63.4
133,대전,2020-01-18 23:33,-1.6,0,42.6,0.1,1013.5,63.6
133,대전,2020-01-18 23:34,-1.6,0,0,0.1,1013.5,63.7
133,대전,2020-01-18 23:35,-1.6,0,0,0,1013.5,63.6
133,대전,2020-01-18 23:36,-1.6,0,241.2,0.1,1013.5,63.6
133,대전,2020-01-18 23:37,-1.6,0,224.7,0.2,1013.5,63.8
133,대전,2020-01-18 23:38,-1.6,0,246.9,0.5,1013.4,63.9
133,대전,2020-01-18 23:39,-1.6,0,274,0.5,1013.4,63.8
133,대전,2020-01-18 23:40,-1.6,0,266.6,0.7,1013.4,64.1
133,대전,2020-01-18 23:41,-1.6,0,265.5,0.6,1013.4,64.1
133,대전,2020-01-18 23:42,-1.6,0,259,0.6,1013.4,64
133,대전,2020-01-18 23:43,-1.6,0,241.8,0.8,1013.3,64
133,대전,2020-01-18 23:44,-1.6,0,225.5,0.7,1013.3,63.9
133,대전,2020-01-18 23:45,-1.6,0,292.5,0.2,1013.3,63.9
133,대전,2020-01-18 23:46,-1.6,0,0,0,1013.3,63.8
133,대전,2020-01-18 23:47,-1.6,0,0,0,1013.3,64.1
133,대전,2020-01-18 23:48,-1.6,0,0,0.1,1013.3,64
133,대전,2020-01-18 23:49,-1.6,0,0,0,1013.3,64
133,대전,2020-01-18 23:50,-1.6,0,0,0,1013.3,64
133,대전,2020-01-18 23:51,-1.6,0,0,0,1013.3,63.8
133,대전,2020-01-18 23:52,-1.6,0,78,0.2,1013.2,63.6
133,대전,2020-01-18 23:53,-1.7,0,67.8,0.3,1013.2,63.5
133,대전,2020-01-18 23:54,-1.7,0,48.5,0.2,1013.2,63.5
133,대전,2020-01-18 23:55,-1.7,0,0,0,1013.2,64
133,대전,2020-01-18 23:56,-1.7,0,0,0,1013.2,64.2
133,대전,2020-01-18 23:57,-1.7,0,0,0.1,1013.2,64.4
133,대전,2020-01-18 23:58,-1.8,0,39.2,0.2,1013.2,64.6
133,대전,2020-01-18 23:59,-1.8,0,0,0.1,1013.2,64.6
133,대전,2020-01-19 0:00,-1.8,0,67.3,0.2,1013.2,64
